Workbook
Name \I: #REF!
Name _1: #REF!
Name AAA: #REF!
Name AAAFD: #REF!
Name ADITIVO_PLANEJAMENTO: #REF!
Name ADITIVO_PLANEJAMENTO: #REF!
Name Atividades: #REF!
Name Atividades: #REF!
Name Atividades: #REF!
Name Atividades: #REF!
Name Atividades: #REF!
Name DEGRAU: #REF!
Name ESTRUTURA: #REF!
Name ESTRUTURA: #REF!
Name ESTRUTURA: #REF!
Name ESTRUTURA: #REF!
Name Fornecedores: INDIRECT("'Fornecedores'!B2:B"&COUNTA(#REF!)+2)
Name Fornecedores: INDIRECT("'Fornecedores'!B2:B"&COUNTA(#REF!)+2)
Name Fornecedores: INDIRECT("'Fornecedores'!B2:B"&COUNTA(#REF!)+2)
Name Fornecedores: INDIRECT("'Fornecedores'!B2:B"&COUNTA(#REF!)+2)
Name FORPINT: #REF!
Name FORRO: #REF!
Name MACRO: #REF!
Name MATERIAL: #REF!
Name MOBRA: #REF!
Name motivo_aditivo: #REF!
Name motivo_aditivo: #REF!
Name motivo_aditivo: #REF!
Name motivo_quantidade: #REF!
Name motivo_quantidade: #REF!
Name motivo_quantidade: #REF!
Name motivo_quantidade: #REF!
Name Motivo_unitário: #REF!
Name Motivo_unitário: #REF!
Name Motivo_unitário: #REF!
Name Motivo_unitário: #REF!
Name Motivosdoaditivo: #REF!
Name Motivosdoaditivo: #REF!
Name Motivosdoaditivo: #REF!
Name Motivosdoaditivo: #REF!
Name Obras: INDIRECT("'02 - Tipologia'!C4:C"&10-COUNTIF(#REF!,"")+3)
Name ok: #REF!
Name PINTURA: #REF!
Name PINTURA: #REF!
Name PINTURA: #REF!
Name PISO: #REF!
Name quantidade_oi: '2. Boletim de Medição'!#REF!
Name quantidade_oi: '3. Faturamento Direto'!#REF!
Name quantidade_oi: tbFaturamento!#REF!
Name quantidade_pre: '2. Boletim de Medição'!#REF!
Name quantidade_pre: '3. Faturamento Direto'!#REF!
Name quantidade_pre: tbFaturamento!#REF!
Name quantidade_sup: #REF!
Name quantidade_sup: #REF!
Name quantidade_sup: #REF!
Name quantidade_sup: #REF!
Name quantidade_sup: #REF!
Name Responsável_quantidade: #REF!
Name Responsável_quantidade: #REF!
Name Responsável_quantidade: #REF!

Sheet PIVOT
A1: EVOLUÇÃO FÍSICA X FINANCEIRA | E1: DISTRIBUIÇÃO FINANCEIRA | H1: STATUS DOS PAVIMENTOS | K1: PRODUTIVIDADE m² | O1: PENDÊNCIA POR SERVIÇO | S1: PREVISTO
A2: Rótulos de Linha | B2: % Financeiro | E2: Rótulos de Linha | F2: Soma de VALOR | H2: Rótulos de Linha | I2: Soma de % | K2: Rótulos de Linha | L2: EXECUTADO | M2: ACUMULADO | O2: Rótulos de Linha | P2: Soma de PENDENTE | S2: Rótulos de Linha | T2: Soma de PREVISTO ACUM. | U2: Soma de REALIZADO ACUM.
A3: 46014 | B3: 0.044680905 | E3: Executado | F3: 270307 | H3: B2 | I3: 0.014463161 | K3: 45951 | L3: 2195.2 | M3: 2195.2 | O3: Colocacao de Azulejo | P3: 235.36 | S3: 1 | T3: 11754 | U3: 2136
A4: 45951 | B4: 0.09910082 | E4: Retenção | F4: 18921.49 | H4: B5 | I4: 0.039135613 | K4: 45985 | L4: 3271.05 | M4: 5466.25 | O4: Colocação de soleiras | P4: 337 | S4: 2 | T4: 23508 | U4: 3541
A5: 46139 | B5: 0.11182586 | E5: Saldo | F5: 0 | H5: B6 | I5: 0.047643355 | K5: 46014 | L5: 1315.93 | M5: 6782.18 | O5: Colocação de baguetes | P5: 353 | S5: 3 | T5: 35262 | U5: 4337
A6: 45985 | B6: 0.24315783 | E6: Total Geral | F6: 289228.49 | H6: B3 | I6: 0.072315807 | K6: 46134 | L6: 829.79 | M6: 7611.97 | O6: Colocacao Piso Ceramico | P6: 2393.32 | S6: 4 | T6: 47016 | U6: 5166.79
A7: 46134 | B7: 0.2605431 | H7: B0 | I7: 0.077420453 | K7: 46139 | L7: 265.2 | M7: 7877.17 | O7: Rodapé Cerâmico | Porcelanato | P7: 5942.8 | S7: 5 | T7: 58770 | U7: 5222.79
A8: Total Geral | B8: 0.75930852 | H8: B1 | I8: 0.088480517 | K8: Total Geral | L8: 7877.17 | O8: Total Geral | P8: 9261.48 | S8: 6 | T8: 70524 | U8: 5222.79
H9: B4 | I9: 0.13952697 | S9: 7 | T9: 82278 | U9: 5222.79
H10: B8 | I10: 0.14378084 | K10: Rótulos de Linha | L10: Contagem de EXECUTADO | S10: 8 | T10: 94032 | U10: 5222.79
H11: B7 | I11: 0.15228858 | L11: 10 | S11: 9 | T11: 105786 | U11: 5222.79
H12: B9 | I12: 0.21643696 | K12: 21/10/2025 | L12: 10 | S12: 10 | T12: 117540 | U12: 5222.79
H13: Total Geral | I13: 0.99149226 | K13: 22/04/2026 | L13: 10 | S13: Total Geral | T13: 646470 | U13: 46517.53
K14: 23/12/2025 | L14: 10
K15: 24/11/2025 | L15: 10
K16: 27/04/2026 | L16: 10
K17: Total Geral | L17: 10

Sheet tbPrevisto
A1: MEDIÇÕES | B1: DATA | C1: PREVISTO | D1: REALIZADO | E1: PREVISTO ACUM. | F1: REALIZADO ACUM.
A2: 1 | B2: =Tabela57[[#This Row],[DATA]] -> 45951 | C2: 11754 | D2: =Tabela573[[#This Row],[EXECUTADO]] -> 2136 | E2: =Tabela51112[[#This Row],[PREVISTO]] -> 11754 | F2: =SUM(F1,Tabela573[[#This Row],[EXECUTADO]]) -> 2136
A3: 2 | B3: =Tabela57[[#This Row],[DATA]] -> 45985 | C3: 11754 | D3: =Tabela573[[#This Row],[EXECUTADO]] -> 1405 | E3: =Tabela51112[[#This Row],[PREVISTO]]+C2 -> 23508 | F3: =SUM(D2:D3) -> 3541
A4: 3 | B4: =Tabela57[[#This Row],[DATA]] -> 46014 | C4: 11754 | D4: =Tabela573[[#This Row],[EXECUTADO]] -> 796 | E4: =Tabela51112[[#This Row],[PREVISTO]]+C2+C3 -> 35262 | F4: =SUM(D2:D4) -> 4337
A5: 4 | B5: =Tabela57[[#This Row],[DATA]] -> 46134 | C5: 11754 | D5: =Tabela573[[#This Row],[EXECUTADO]] -> 829.79 | E5: =Tabela51112[[#This Row],[PREVISTO]]+C4+C3+C2 -> 47016 | F5: =SUM(D2:D5) -> 5166.79
A6: 5 | B6: =Tabela57[[#This Row],[DATA]] -> 46139 | C6: 11754 | D6: =Tabela573[[#This Row],[EXECUTADO]] -> 56 | E6: =Tabela51112[[#This Row],[PREVISTO]]+C5+C4+C3+C2 -> 58770 | F6: =SUM(D2:D6) -> 5222.79
A7: 6 | C7: 11754 | D7: =Tabela573[[#This Row],[EXECUTADO]] | E7: =SUM(E6,C6) -> 70524 | F7: =SUM(D2:D7) -> 5222.79
A8: 7 | C8: 11754 | D8: =Tabela573[[#This Row],[EXECUTADO]] | E8: =SUM(E7,C7) -> 82278 | F8: =SUM(D2:D8) -> 5222.79
A9: 8 | C9: 11754 | D9: =Tabela573[[#This Row],[EXECUTADO]] | E9: =SUM(E8,C8) -> 94032 | F9: =SUM(D2:D9) -> 5222.79
A10: 9 | C10: 11754 | D10: =Tabela573[[#This Row],[EXECUTADO]] | E10: =SUM(E9,C9) -> 105786 | F10: =SUM(D2:D10) -> 5222.79
A11: 10 | C11: 11754 | D11: =Tabela573[[#This Row],[EXECUTADO]] | E11: =SUM(E10,C10) -> 117540 | F11: =SUM(Tabela51112[REALIZADO]) -> 5222.79

Sheet tbPendencias
A1: CÓD | B1: DESCRIÇÃO | C1: PENDENTE
A2: 1.1.1 | B2: Colocacao de Azulejo | C2: =SUM(tbBoletim!E3)-SUM(Tabela5[[#This Row],[TOTAL F0]:[TOTAL F9]]) -> 235.36
A3: 1.1.2 | B3: Colocacao Piso Ceramico | C3: =SUM(tbBoletim!E4)-SUM(Tabela5[[#This Row],[TOTAL F0]:[TOTAL F9]]) -> 2393.32
A4: 1.1.3 | B4: Colocação de soleiras | C4: =SUM(tbBoletim!E5)-SUM(Tabela5[[#This Row],[TOTAL F0]:[TOTAL F9]]) -> 337
A5: 1.1.4 | B5: Colocação de baguetes | C5: =SUM(tbBoletim!E6)-SUM(Tabela5[[#This Row],[TOTAL F0]:[TOTAL F9]]) -> 353
A6: 1.1.5 | B6: Rodapé Cerâmico | Porcelanato | C6: =SUM(tbBoletim!E7)-SUM(Tabela5[[#This Row],[TOTAL F0]:[TOTAL F9]]) -> 5942.8

Sheet tbCategoria
A1: CATEGORIA | B1: VALOR
A2: Executado | B2: ='1. Controle de Contrato'!G21 -> 270307
A3: Saldo | B3: ='1. Controle de Contrato'!K21 -> 0
A4: Retenção | B4: ='1. Controle de Contrato'!I21 -> 18921.49

Sheet tbMapaData
A1: MEDIÇÃO | B1: DATA | C1: MÊS/ANO
A2: 1 | B2: 45951 | C2: =TEXT(Tabela57[[#This Row],[DATA]],"mmm/aa") -> out/25
A3: 2 | B3: 45985 | C3: =TEXT(Tabela57[[#This Row],[DATA]],"mmm/aa") -> nov/25
A4: 3 | B4: 46014 | C4: =TEXT(Tabela57[[#This Row],[DATA]],"mmm/aa") -> dez/25
A5: 4 | B5: 46134 | C5: =TEXT(Tabela57[[#This Row],[DATA]],"mmm/aa") -> abr/26
A6: 5 | B6: 46139 | C6: =TEXT(Tabela57[[#This Row],[DATA]],"mmm/aa") -> abr/26
A7: 6 | C7: =TEXT(Tabela57[[#This Row],[DATA]],"mmm/aa") -> jan/00
A8: 7 | C8: =TEXT(Tabela57[[#This Row],[DATA]],"mmm/aa") -> jan/00
A9: 8 | C9: =TEXT(Tabela57[[#This Row],[DATA]],"mmm/aa") -> jan/00
A10: 9 | C10: =TEXT(Tabela57[[#This Row],[DATA]],"mmm/aa") -> jan/00
A11: 10 | C11: =TEXT(Tabela57[[#This Row],[DATA]],"mmm/aa") -> jan/00
A12: 11 | C12: =TEXT(Tabela57[[#This Row],[DATA]],"mmm/aa") -> jan/00

Sheet tbMapa
A1: CÓD | B1: DESCRIÇÃO | C1: TORRE | D1: MEDIÇÃO | E1: TOTAL F0 | F1: TOTAL F1 | G1: TOTAL F2 | H1: TOTAL F3 | I1: TOTAL F4 | J1: TOTAL F5 | K1: TOTAL F6 | L1: TOTAL F7 | M1: TOTAL F8 | N1: TOTAL F9
A2: 1.1.1 | B2: Mao de Obra Colocacao de Azulejo | C2: A | D2: M² | E2: =SUM('4. Mapa Visual de Medição'!G10:G21) -> 87.48 | F2: =SUM('4. Mapa Visual de Medição'!H10:H21) -> 87.48 | G2: =SUM('4. Mapa Visual de Medição'!I10:I21) -> 87.48 | H2: =SUM('4. Mapa Visual de Medição'!J10:J21) -> 87.48 | I2: =SUM('4. Mapa Visual de Medição'!K10:K21) -> 58.32 | J2: =SUM('4. Mapa Visual de Medição'!L10:L21) -> 87.48 | K2: =SUM('4. Mapa Visual de Medição'!M10:M21) -> 87.48 | L2: =SUM('4. Mapa Visual de Medição'!N10:N21) -> 87.48 | ... N2: =SUM('4. Mapa Visual de Medição'!P10:P21) -> 87.48
A3: 1.1.2 | B3: Mao de Obra Colocacao Piso Ceramico | C3: A | D3: M² | E3: =SUM('4. Mapa Visual de Medição'!BV10:BV21) -> 84.6 | F3: =SUM('4. Mapa Visual de Medição'!BW10:BW21) -> 60.84 | G3: =SUM('4. Mapa Visual de Medição'!BX10:BX21) -> 40.56 | H3: =SUM('4. Mapa Visual de Medição'!BY10:BY21) -> 40.56 | I3: =SUM('4. Mapa Visual de Medição'!BZ10:BZ21) -> 56.4 | J3: =SUM('4. Mapa Visual de Medição'!CA10:CA21) -> 84.6 | K3: =SUM('4. Mapa Visual de Medição'!CB10:CB21) -> 60.84 | L3: =SUM('4. Mapa Visual de Medição'!CC10:CC21) -> 60.84 | ... N3: =SUM('4. Mapa Visual de Medição'!CE10:CE21) -> 84.6
A4: 1.1.3 | B4: M.O para colocação de soleiras | C4: A | D4: M² | E4: =SUM('4. Mapa Visual de Medição'!EJ10:EJ21) -> 0 | F4: =SUM('4. Mapa Visual de Medição'!EK10:EK21) -> 0 | G4: =SUM('4. Mapa Visual de Medição'!EL10:EL21) -> 0 | H4: =SUM('4. Mapa Visual de Medição'!EM10:EM21) -> 0 | I4: =SUM('4. Mapa Visual de Medição'!EN10:EN21) -> 0 | J4: =SUM('4. Mapa Visual de Medição'!EO10:EO21) -> 0 | K4: =SUM('4. Mapa Visual de Medição'!EP10:EP21) -> 0 | L4: =SUM('4. Mapa Visual de Medição'!EQ10:EQ21) -> 0 | ... N4: =SUM('4. Mapa Visual de Medição'!ES10:ES21) -> 0
A5: 1.1.4 | B5: M.O. para colocação de baguetes | C5: A | D5: M² | E5: =SUM('4. Mapa Visual de Medição'!GW10:GW21) -> 0 | F5: =SUM('4. Mapa Visual de Medição'!GX10:GX21) -> 0 | G5: =SUM('4. Mapa Visual de Medição'!GY10:GY21) -> 0 | H5: =SUM('4. Mapa Visual de Medição'!GZ10:GZ21) -> 0 | I5: =SUM('4. Mapa Visual de Medição'!HA10:HA21) -> 0 | J5: =SUM('4. Mapa Visual de Medição'!HB10:HB21) -> 0 | K5: =SUM('4. Mapa Visual de Medição'!HC10:HC21) -> 0 | L5: =SUM('4. Mapa Visual de Medição'!HD10:HD21) -> 0 | ... N5: =SUM('4. Mapa Visual de Medição'!HF10:HF21) -> 0
A6: 1.1.5 | B6: Rodapé Cerâmico | Porcelanato - Serviço M.O Subcontrato | C6: A | D6: M² | E6: =SUM('4. Mapa Visual de Medição'!JI10:JI21) -> 141.6 | F6: =SUM('4. Mapa Visual de Medição'!JJ10:JJ21) -> 98.4 | G6: =SUM('4. Mapa Visual de Medição'!JK10:JK21) -> 73.8 | H6: =SUM('4. Mapa Visual de Medição'!JL10:JL21) -> 73.8 | I6: =SUM('4. Mapa Visual de Medição'!JM10:JM21) -> 106.2 | J6: =SUM('4. Mapa Visual de Medição'!JN10:JN21) -> 106.2 | K6: =SUM('4. Mapa Visual de Medição'!JO10:JO21) -> 73.8 | L6: =SUM('4. Mapa Visual de Medição'!JP10:JP21) -> 98.4 | ... N6: =SUM('4. Mapa Visual de Medição'!JR10:JR21) -> 141.6

Sheet tbPavimento
A1: PAVIMENTO | B1: EXECUTADO | C1: PREVISTO | D1: %
A2: B0 | B2: 91 | C2: {=SUM(Tabela108[PREVISTO TOTAL]/10)} -> 1175.4 | D2: =Tabela9[[#This Row],[EXECUTADO]]/Tabela9[[#This Row],[PREVISTO]] -> 0.077420453
A3: B1 | B3: 104 | C3: {=SUM(Tabela108[PREVISTO TOTAL]/10)} -> 1175.4 | D3: =Tabela9[[#This Row],[EXECUTADO]]/Tabela9[[#This Row],[PREVISTO]] -> 0.088480517
A4: B2 | B4: 17 | C4: {=SUM(Tabela108[PREVISTO TOTAL]/10)} -> 1175.4 | D4: =Tabela9[[#This Row],[EXECUTADO]]/Tabela9[[#This Row],[PREVISTO]] -> 0.014463161
A5: B3 | B5: 85 | C5: {=SUM(Tabela108[PREVISTO TOTAL]/10)} -> 1175.4 | D5: =Tabela9[[#This Row],[EXECUTADO]]/Tabela9[[#This Row],[PREVISTO]] -> 0.072315807
A6: B4 | B6: 164 | C6: {=SUM(Tabela108[PREVISTO TOTAL]/10)} -> 1175.4 | D6: =Tabela9[[#This Row],[EXECUTADO]]/Tabela9[[#This Row],[PREVISTO]] -> 0.13952697
A7: B5 | B7: 46 | C7: {=SUM(Tabela108[PREVISTO TOTAL]/10)} -> 1175.4 | D7: =Tabela9[[#This Row],[EXECUTADO]]/Tabela9[[#This Row],[PREVISTO]] -> 0.039135613
A8: B6 | B8: 56 | C8: {=SUM(Tabela108[PREVISTO TOTAL]/10)} -> 1175.4 | D8: =Tabela9[[#This Row],[EXECUTADO]]/Tabela9[[#This Row],[PREVISTO]] -> 0.047643355
A9: B7 | B9: 179 | C9: {=SUM(Tabela108[PREVISTO TOTAL]/10)} -> 1175.4 | D9: =Tabela9[[#This Row],[EXECUTADO]]/Tabela9[[#This Row],[PREVISTO]] -> 0.15228858
A10: B8 | B10: 169 | C10: 1175.4 | D10: =Tabela9[[#This Row],[EXECUTADO]]/Tabela9[[#This Row],[PREVISTO]] -> 0.14378084
A11: B9 | B11: 254.4 | C11: {=SUM(Tabela108[PREVISTO TOTAL]/10)} -> 1175.4 | D11: =Tabela9[[#This Row],[EXECUTADO]]/Tabela9[[#This Row],[PREVISTO]] -> 0.21643696

Sheet tbContrato
A1: Nº Medição | B1: Período | C1: Data | D1: Nº NF | E1: Valor Medição | F1: Dedução Medição | G1: Retenção Medição | H1: Valor Medição Líquido | I1: Saldo Medição | J1: Faturamento Direto | K1: Saldo Faturamento Direto | L1: Total Pago | M1: Saldo Contratual | N1: Status
A2: ='1. Controle de Contrato'!C24 -> 1 | B2: ='1. Controle de Contrato'!D24 -> 45931 | C2: ='1. Controle de Contrato'!E24 -> 45951 | D2: ='1. Controle de Contrato'!F24 -> 0 | E2: ='1. Controle de Contrato'!G24 -> 35279 | F2: ='1. Controle de Contrato'!H24 -> 0 | G2: ='1. Controle de Contrato'!I24 -> 2469.53 | H2: ='1. Controle de Contrato'!J24 -> 32809.47 | ... N2: ='1. Controle de Contrato'!P24 -> 0.86948544
A3: ='1. Controle de Contrato'!C25 -> 2 | B3: ='1. Controle de Contrato'!D25 -> 45962 | C3: ='1. Controle de Contrato'!E25 -> 45985 | D3: ='1. Controle de Contrato'!F25 -> 0 | E3: ='1. Controle de Contrato'!G25 -> 86562 | F3: ='1. Controle de Contrato'!H25 -> 0 | G3: ='1. Controle de Contrato'!I25 -> 6059.34 | H3: ='1. Controle de Contrato'!J25 -> 80502.66 | ... N3: ='1. Controle de Contrato'!P25 -> 0.54924956
A4: ='1. Controle de Contrato'!C26 -> 3 | B4: ='1. Controle de Contrato'!D26 -> 45992 | C4: ='1. Controle de Contrato'!E26 -> 46014 | D4: ='1. Controle de Contrato'!F26 -> 0 | E4: ='1. Controle de Contrato'!G26 -> 15906 | F4: ='1. Controle de Contrato'!H26 -> 0 | G4: ='1. Controle de Contrato'!I26 -> 1113.42 | H4: ='1. Controle de Contrato'!J26 -> 14792.58 | ... N4: ='1. Controle de Contrato'!P26 -> 0.49040535
A5: ='1. Controle de Contrato'!C27 -> 4 | B5: ='1. Controle de Contrato'!D27 -> 46113 | C5: ='1. Controle de Contrato'!E27 -> 46134 | D5: ='1. Controle de Contrato'!F27 -> 0 | E5: ='1. Controle de Contrato'!G27 -> 92751 | F5: ='1. Controle de Contrato'!H27 -> 0 | G5: ='1. Controle de Contrato'!I27 -> 6492.57 | H5: ='1. Controle de Contrato'!J27 -> 86258.43 | ... N5: ='1. Controle de Contrato'!P27 -> 0.14727329
A6: ='1. Controle de Contrato'!C28 -> 5 | B6: ='1. Controle de Contrato'!D28 -> 46113 | C6: ='1. Controle de Contrato'!E28 -> 46139 | D6: ='1. Controle de Contrato'!F28 -> 0 | E6: ='1. Controle de Contrato'!G28 -> 39809 | F6: ='1. Controle de Contrato'!H28 -> 0 | G6: ='1. Controle de Contrato'!I28 -> 2786.63 | H6: ='1. Controle de Contrato'!J28 -> 37022.37 | ... N6: ='1. Controle de Contrato'!P28
A7: ='1. Controle de Contrato'!C29 -> 6 | B7: ='1. Controle de Contrato'!D29 | C7: ='1. Controle de Contrato'!E29 | D7: ='1. Controle de Contrato'!F29 -> 0 | E7: ='1. Controle de Contrato'!G29 -> 0 | F7: ='1. Controle de Contrato'!H29 -> 0 | G7: ='1. Controle de Contrato'!I29 -> 0 | H7: ='1. Controle de Contrato'!J29 -> 0 | ... N7: ='1. Controle de Contrato'!P29
A8: ='1. Controle de Contrato'!C30 -> 7 | B8: ='1. Controle de Contrato'!D30 | C8: ='1. Controle de Contrato'!E30 | D8: ='1. Controle de Contrato'!F30 -> 0 | E8: ='1. Controle de Contrato'!G30 -> 0 | F8: ='1. Controle de Contrato'!H30 -> 0 | G8: ='1. Controle de Contrato'!I30 -> 0 | H8: ='1. Controle de Contrato'!J30 -> 0 | ... N8: ='1. Controle de Contrato'!P30
A9: ='1. Controle de Contrato'!C31 -> 8 | B9: ='1. Controle de Contrato'!D31 | C9: ='1. Controle de Contrato'!E31 | D9: ='1. Controle de Contrato'!F31 -> 0 | E9: ='1. Controle de Contrato'!G31 -> 0 | F9: ='1. Controle de Contrato'!H31 -> 0 | G9: ='1. Controle de Contrato'!I31 -> 0 | H9: ='1. Controle de Contrato'!J31 -> 0 | ... N9: ='1. Controle de Contrato'!P31
A10: ='1. Controle de Contrato'!C32 -> 9 | B10: ='1. Controle de Contrato'!D32 | C10: ='1. Controle de Contrato'!E32 | D10: ='1. Controle de Contrato'!F32 -> 0 | E10: ='1. Controle de Contrato'!G32 -> 0 | F10: ='1. Controle de Contrato'!H32 -> 0 | G10: ='1. Controle de Contrato'!I32 -> 0 | H10: ='1. Controle de Contrato'!J32 -> 0 | ... N10: ='1. Controle de Contrato'!P32
A11: ='1. Controle de Contrato'!C33 -> 10 | B11: ='1. Controle de Contrato'!D33 | C11: ='1. Controle de Contrato'!E33 | D11: ='1. Controle de Contrato'!F33 -> 0 | E11: ='1. Controle de Contrato'!G33 -> 0 | F11: ='1. Controle de Contrato'!H33 -> 0 | G11: ='1. Controle de Contrato'!I33 -> 0 | H11: ='1. Controle de Contrato'!J33 -> 0 | ... N11: ='1. Controle de Contrato'!P33
A12: ='1. Controle de Contrato'!C34 -> 11 | B12: ='1. Controle de Contrato'!D34 | C12: ='1. Controle de Contrato'!E34 | D12: ='1. Controle de Contrato'!F34 -> 0 | E12: ='1. Controle de Contrato'!G34 -> 0 | F12: ='1. Controle de Contrato'!H34 -> 0 | G12: ='1. Controle de Contrato'!I34 -> 0 | H12: ='1. Controle de Contrato'!J34 -> 0 | ... N12: ='1. Controle de Contrato'!P34
A13: ='1. Controle de Contrato'!C35 -> 12 | B13: ='1. Controle de Contrato'!D35 | C13: ='1. Controle de Contrato'!E35 | D13: ='1. Controle de Contrato'!F35 -> 0 | E13: ='1. Controle de Contrato'!G35 -> 0 | F13: ='1. Controle de Contrato'!H35 -> 0 | G13: ='1. Controle de Contrato'!I35 -> 0 | H13: ='1. Controle de Contrato'!J35 -> 0 | ... N13: ='1. Controle de Contrato'!P35
... A21: ='1. Controle de Contrato'!C43 -> 20 | B21: ='1. Controle de Contrato'!D43 | C21: ='1. Controle de Contrato'!E43 | D21: ='1. Controle de Contrato'!F43 -> 0 | E21: ='1. Controle de Contrato'!G43 -> 0 | F21: ='1. Controle de Contrato'!H43 -> 0 | G21: ='1. Controle de Contrato'!I43 -> 0 | H21: ='1. Controle de Contrato'!J43 -> 0 | ... N21: ='1. Controle de Contrato'!P43
A22: =A21+1 -> 21 | B22: =IF(IFERROR(_xlfn.XLOOKUP(A22,'2. Boletim de Medição'!$10:$10,'2. Boletim de Medição'!$6:$6),"")>0,IFERROR(_xlfn.XLOOKUP(A22,'2. Boletim de Medição'!$10:$10,'2. Boletim de Medição'!$6:$6),""),"") | C22: =IF(IFERROR(_xlfn.XLOOKUP(A22,'2. Boletim de Medição'!$10:$10,'2. Boletim de Medição'!$7:$7),"")>0,IFERROR(_xlfn.XLOOKUP(A22,'2. Boletim de Medição'!$10:$10,'2. Boletim de Medição'!$7:$7),""),"") | E22: =IFERROR(_xlfn.XLOOKUP(A22,'2. Boletim de Medição'!$10:$10,'2. Boletim de Medição'!$13:$13),0) -> 0 | F22: =IFERROR(_xlfn.XLOOKUP(A22,'2. Boletim de Medição'!$10:$10,'2. Boletim de Medição'!$34:$34),0) -> 0 | G22: =IFERROR(E22*#REF!,0) -> 0 | H22: =IFERROR(E22-F22-G22,0) -> 0 | I22: =IF(E22>0,I21-E22,0) -> 0 | J22: =IFERROR(_xlfn.XLOOKUP(A22,'3. Faturamento Direto'!$9:$9,'3. Faturamento Direto'!$13:$13),0) -> 0 | K22: =IF(J22>0,K21-J22,0) -> 0 | L22: =E22+J22 -> 0 | M22: =IF(L22>0,M21-L22,0) -> 0 | N22: =IF(M22>0,M22/#REF!,"")
A23: =A22+1 -> 22 | B23: =IF(IFERROR(_xlfn.XLOOKUP(A23,'2. Boletim de Medição'!$10:$10,'2. Boletim de Medição'!$6:$6),"")>0,IFERROR(_xlfn.XLOOKUP(A23,'2. Boletim de Medição'!$10:$10,'2. Boletim de Medição'!$6:$6),""),"") | C23: =IF(IFERROR(_xlfn.XLOOKUP(A23,'2. Boletim de Medição'!$10:$10,'2. Boletim de Medição'!$7:$7),"")>0,IFERROR(_xlfn.XLOOKUP(A23,'2. Boletim de Medição'!$10:$10,'2. Boletim de Medição'!$7:$7),""),"") | E23: =IFERROR(_xlfn.XLOOKUP(A23,'2. Boletim de Medição'!$10:$10,'2. Boletim de Medição'!$13:$13),0) -> 0 | F23: =IFERROR(_xlfn.XLOOKUP(A23,'2. Boletim de Medição'!$10:$10,'2. Boletim de Medição'!$34:$34),0) -> 0 | G23: =IFERROR(E23*#REF!,0) -> 0 | H23: =IFERROR(E23-F23-G23,0) -> 0 | I23: =IF(E23>0,I22-E23,0) -> 0 | J23: =IFERROR(_xlfn.XLOOKUP(A23,'3. Faturamento Direto'!$9:$9,'3. Faturamento Direto'!$13:$13),0) -> 0 | K23: =IF(J23>0,K22-J23,0) -> 0 | L23: =E23+J23 -> 0 | M23: =IF(L23>0,M22-L23,0) -> 0 | N23: =IF(M23>0,M23/#REF!,"")
A24: =A23+1 -> 23 | B24: =IF(IFERROR(_xlfn.XLOOKUP(A24,'2. Boletim de Medição'!$10:$10,'2. Boletim de Medição'!$6:$6),"")>0,IFERROR(_xlfn.XLOOKUP(A24,'2. Boletim de Medição'!$10:$10,'2. Boletim de Medição'!$6:$6),""),"") | C24: =IF(IFERROR(_xlfn.XLOOKUP(A24,'2. Boletim de Medição'!$10:$10,'2. Boletim de Medição'!$7:$7),"")>0,IFERROR(_xlfn.XLOOKUP(A24,'2. Boletim de Medição'!$10:$10,'2. Boletim de Medição'!$7:$7),""),"") | E24: =IFERROR(_xlfn.XLOOKUP(A24,'2. Boletim de Medição'!$10:$10,'2. Boletim de Medição'!$13:$13),0) -> 0 | F24: =IFERROR(_xlfn.XLOOKUP(A24,'2. Boletim de Medição'!$10:$10,'2. Boletim de Medição'!$34:$34),0) -> 0 | G24: =IFERROR(E24*#REF!,0) -> 0 | H24: =IFERROR(E24-F24-G24,0) -> 0 | I24: =IF(E24>0,I23-E24,0) -> 0 | J24: =IFERROR(_xlfn.XLOOKUP(A24,'3. Faturamento Direto'!$9:$9,'3. Faturamento Direto'!$13:$13),0) -> 0 | K24: =IF(J24>0,K23-J24,0) -> 0 | L24: =E24+J24 -> 0 | M24: =IF(L24>0,M23-L24,0) -> 0 | N24: =IF(M24>0,M24/#REF!,"")
A25: =A24+1 -> 24 | B25: =IF(IFERROR(_xlfn.XLOOKUP(A25,'2. Boletim de Medição'!$10:$10,'2. Boletim de Medição'!$6:$6),"")>0,IFERROR(_xlfn.XLOOKUP(A25,'2. Boletim de Medição'!$10:$10,'2. Boletim de Medição'!$6:$6),""),"") | C25: =IF(IFERROR(_xlfn.XLOOKUP(A25,'2. Boletim de Medição'!$10:$10,'2. Boletim de Medição'!$7:$7),"")>0,IFERROR(_xlfn.XLOOKUP(A25,'2. Boletim de Medição'!$10:$10,'2. Boletim de Medição'!$7:$7),""),"") | E25: =IFERROR(_xlfn.XLOOKUP(A25,'2. Boletim de Medição'!$10:$10,'2. Boletim de Medição'!$13:$13),0) -> 0 | F25: =IFERROR(_xlfn.XLOOKUP(A25,'2. Boletim de Medição'!$10:$10,'2. Boletim de Medição'!$34:$34),0) -> 0 | G25: =IFERROR(E25*#REF!,0) -> 0 | H25: =IFERROR(E25-F25-G25,0) -> 0 | I25: =IF(E25>0,I24-E25,0) -> 0 | J25: =IFERROR(_xlfn.XLOOKUP(A25,'3. Faturamento Direto'!$9:$9,'3. Faturamento Direto'!$13:$13),0) -> 0 | K25: =IF(J25>0,K24-J25,0) -> 0 | L25: =E25+J25 -> 0 | M25: =IF(L25>0,M24-L25,0) -> 0 | N25: =IF(M25>0,M25/#REF!,"")
A26: =A25+1 -> 25 | B26: =IF(IFERROR(_xlfn.XLOOKUP(A26,'2. Boletim de Medição'!$10:$10,'2. Boletim de Medição'!$6:$6),"")>0,IFERROR(_xlfn.XLOOKUP(A26,'2. Boletim de Medição'!$10:$10,'2. Boletim de Medição'!$6:$6),""),"") | C26: =IF(IFERROR(_xlfn.XLOOKUP(A26,'2. Boletim de Medição'!$10:$10,'2. Boletim de Medição'!$7:$7),"")>0,IFERROR(_xlfn.XLOOKUP(A26,'2. Boletim de Medição'!$10:$10,'2. Boletim de Medição'!$7:$7),""),"") | E26: =IFERROR(_xlfn.XLOOKUP(A26,'2. Boletim de Medição'!$10:$10,'2. Boletim de Medição'!$13:$13),0) -> 0 | F26: =IFERROR(_xlfn.XLOOKUP(A26,'2. Boletim de Medição'!$10:$10,'2. Boletim de Medição'!$34:$34),0) -> 0 | G26: =IFERROR(E26*#REF!,0) -> 0 | H26: =IFERROR(E26-F26-G26,0) -> 0 | I26: =IF(E26>0,I25-E26,0) -> 0 | J26: =IFERROR(_xlfn.XLOOKUP(A26,'3. Faturamento Direto'!$9:$9,'3. Faturamento Direto'!$13:$13),0) -> 0 | K26: =IF(J26>0,K25-J26,0) -> 0 | L26: =E26+J26 -> 0 | M26: =IF(L26>0,M25-L26,0) -> 0 | N26: =IF(M26>0,M26/#REF!,"")
A27: =A26+1 -> 26 | B27: =IF(IFERROR(_xlfn.XLOOKUP(A27,'2. Boletim de Medição'!$10:$10,'2. Boletim de Medição'!$6:$6),"")>0,IFERROR(_xlfn.XLOOKUP(A27,'2. Boletim de Medição'!$10:$10,'2. Boletim de Medição'!$6:$6),""),"") | C27: =IF(IFERROR(_xlfn.XLOOKUP(A27,'2. Boletim de Medição'!$10:$10,'2. Boletim de Medição'!$7:$7),"")>0,IFERROR(_xlfn.XLOOKUP(A27,'2. Boletim de Medição'!$10:$10,'2. Boletim de Medição'!$7:$7),""),"") | E27: =IFERROR(_xlfn.XLOOKUP(A27,'2. Boletim de Medição'!$10:$10,'2. Boletim de Medição'!$13:$13),0) -> 0 | F27: =IFERROR(_xlfn.XLOOKUP(A27,'2. Boletim de Medição'!$10:$10,'2. Boletim de Medição'!$34:$34),0) -> 0 | G27: =IFERROR(E27*#REF!,0) -> 0 | H27: =IFERROR(E27-F27-G27,0) -> 0 | I27: =IF(E27>0,I26-E27,0) -> 0 | J27: =IFERROR(_xlfn.XLOOKUP(A27,'3. Faturamento Direto'!$9:$9,'3. Faturamento Direto'!$13:$13),0) -> 0 | K27: =IF(J27>0,K26-J27,0) -> 0 | L27: =E27+J27 -> 0 | M27: =IF(L27>0,M26-L27,0) -> 0 | N27: =IF(M27>0,M27/#REF!,"")
A28: =A27+1 -> 27 | B28: =IF(IFERROR(_xlfn.XLOOKUP(A28,'2. Boletim de Medição'!$10:$10,'2. Boletim de Medição'!$6:$6),"")>0,IFERROR(_xlfn.XLOOKUP(A28,'2. Boletim de Medição'!$10:$10,'2. Boletim de Medição'!$6:$6),""),"") | C28: =IF(IFERROR(_xlfn.XLOOKUP(A28,'2. Boletim de Medição'!$10:$10,'2. Boletim de Medição'!$7:$7),"")>0,IFERROR(_xlfn.XLOOKUP(A28,'2. Boletim de Medição'!$10:$10,'2. Boletim de Medição'!$7:$7),""),"") | E28: =IFERROR(_xlfn.XLOOKUP(A28,'2. Boletim de Medição'!$10:$10,'2. Boletim de Medição'!$13:$13),0) -> 0 | F28: =IFERROR(_xlfn.XLOOKUP(A28,'2. Boletim de Medição'!$10:$10,'2. Boletim de Medição'!$34:$34),0) -> 0 | G28: =IFERROR(E28*#REF!,0) -> 0 | H28: =IFERROR(E28-F28-G28,0) -> 0 | I28: =IF(E28>0,I27-E28,0) -> 0 | J28: =IFERROR(_xlfn.XLOOKUP(A28,'3. Faturamento Direto'!$9:$9,'3. Faturamento Direto'!$13:$13),0) -> 0 | K28: =IF(J28>0,K27-J28,0) -> 0 | L28: =E28+J28 -> 0 | M28: =IF(L28>0,M27-L28,0) -> 0 | N28: =IF(M28>0,M28/#REF!,"")
A29: =A28+1 -> 28 | B29: =IF(IFERROR(_xlfn.XLOOKUP(A29,'2. Boletim de Medição'!$10:$10,'2. Boletim de Medição'!$6:$6),"")>0,IFERROR(_xlfn.XLOOKUP(A29,'2. Boletim de Medição'!$10:$10,'2. Boletim de Medição'!$6:$6),""),"") | C29: =IF(IFERROR(_xlfn.XLOOKUP(A29,'2. Boletim de Medição'!$10:$10,'2. Boletim de Medição'!$7:$7),"")>0,IFERROR(_xlfn.XLOOKUP(A29,'2. Boletim de Medição'!$10:$10,'2. Boletim de Medição'!$7:$7),""),"") | E29: =IFERROR(_xlfn.XLOOKUP(A29,'2. Boletim de Medição'!$10:$10,'2. Boletim de Medição'!$13:$13),0) -> 0 | F29: =IFERROR(_xlfn.XLOOKUP(A29,'2. Boletim de Medição'!$10:$10,'2. Boletim de Medição'!$34:$34),0) -> 0 | G29: =IFERROR(E29*#REF!,0) -> 0 | H29: =IFERROR(E29-F29-G29,0) -> 0 | I29: =IF(E29>0,I28-E29,0) -> 0 | J29: =IFERROR(_xlfn.XLOOKUP(A29,'3. Faturamento Direto'!$9:$9,'3. Faturamento Direto'!$13:$13),0) -> 0 | K29: =IF(J29>0,K28-J29,0) -> 0 | L29: =E29+J29 -> 0 | M29: =IF(L29>0,M28-L29,0) -> 0 | N29: =IF(M29>0,M29/#REF!,"")
A30: =A29+1 -> 29 | B30: =IF(IFERROR(_xlfn.XLOOKUP(A30,'2. Boletim de Medição'!$10:$10,'2. Boletim de Medição'!$6:$6),"")>0,IFERROR(_xlfn.XLOOKUP(A30,'2. Boletim de Medição'!$10:$10,'2. Boletim de Medição'!$6:$6),""),"") | C30: =IF(IFERROR(_xlfn.XLOOKUP(A30,'2. Boletim de Medição'!$10:$10,'2. Boletim de Medição'!$7:$7),"")>0,IFERROR(_xlfn.XLOOKUP(A30,'2. Boletim de Medição'!$10:$10,'2. Boletim de Medição'!$7:$7),""),"") | E30: =IFERROR(_xlfn.XLOOKUP(A30,'2. Boletim de Medição'!$10:$10,'2. Boletim de Medição'!$13:$13),0) -> 0 | F30: =IFERROR(_xlfn.XLOOKUP(A30,'2. Boletim de Medição'!$10:$10,'2. Boletim de Medição'!$34:$34),0) -> 0 | G30: =IFERROR(E30*#REF!,0) -> 0 | H30: =IFERROR(E30-F30-G30,0) -> 0 | I30: =IF(E30>0,I29-E30,0) -> 0 | J30: =IFERROR(_xlfn.XLOOKUP(A30,'3. Faturamento Direto'!$9:$9,'3. Faturamento Direto'!$13:$13),0) -> 0 | K30: =IF(J30>0,K29-J30,0) -> 0 | L30: =E30+J30 -> 0 | M30: =IF(L30>0,M29-L30,0) -> 0 | N30: =IF(M30>0,M30/#REF!,"")
A31: =A30+1 -> 30 | B31: =IF(IFERROR(_xlfn.XLOOKUP(A31,'2. Boletim de Medição'!$10:$10,'2. Boletim de Medição'!$6:$6),"")>0,IFERROR(_xlfn.XLOOKUP(A31,'2. Boletim de Medição'!$10:$10,'2. Boletim de Medição'!$6:$6),""),"") | C31: =IF(IFERROR(_xlfn.XLOOKUP(A31,'2. Boletim de Medição'!$10:$10,'2. Boletim de Medição'!$7:$7),"")>0,IFERROR(_xlfn.XLOOKUP(A31,'2. Boletim de Medição'!$10:$10,'2. Boletim de Medição'!$7:$7),""),"") | E31: =IFERROR(_xlfn.XLOOKUP(A31,'2. Boletim de Medição'!$10:$10,'2. Boletim de Medição'!$13:$13),0) -> 0 | F31: =IFERROR(_xlfn.XLOOKUP(A31,'2. Boletim de Medição'!$10:$10,'2. Boletim de Medição'!$34:$34),0) -> 0 | G31: =IFERROR(E31*#REF!,0) -> 0 | H31: =IFERROR(E31-F31-G31,0) -> 0 | I31: =IF(E31>0,I30-E31,0) -> 0 | J31: =IFERROR(_xlfn.XLOOKUP(A31,'3. Faturamento Direto'!$9:$9,'3. Faturamento Direto'!$13:$13),0) -> 0 | K31: =IF(J31>0,K30-J31,0) -> 0 | L31: =E31+J31 -> 0 | M31: =IF(L31>0,M30-L31,0) -> 0 | N31: =IF(M31>0,M31/#REF!,"")
A32: =A31+1 -> 31 | B32: =IF(IFERROR(_xlfn.XLOOKUP(A32,'2. Boletim de Medição'!$10:$10,'2. Boletim de Medição'!$6:$6),"")>0,IFERROR(_xlfn.XLOOKUP(A32,'2. Boletim de Medição'!$10:$10,'2. Boletim de Medição'!$6:$6),""),"") | C32: =IF(IFERROR(_xlfn.XLOOKUP(A32,'2. Boletim de Medição'!$10:$10,'2. Boletim de Medição'!$7:$7),"")>0,IFERROR(_xlfn.XLOOKUP(A32,'2. Boletim de Medição'!$10:$10,'2. Boletim de Medição'!$7:$7),""),"") | E32: =IFERROR(_xlfn.XLOOKUP(A32,'2. Boletim de Medição'!$10:$10,'2. Boletim de Medição'!$13:$13),0) -> 0 | F32: =IFERROR(_xlfn.XLOOKUP(A32,'2. Boletim de Medição'!$10:$10,'2. Boletim de Medição'!$34:$34),0) -> 0 | G32: =IFERROR(E32*#REF!,0) -> 0 | H32: =IFERROR(E32-F32-G32,0) -> 0 | I32: =IF(E32>0,I31-E32,0) -> 0 | J32: =IFERROR(_xlfn.XLOOKUP(A32,'3. Faturamento Direto'!$9:$9,'3. Faturamento Direto'!$13:$13),0) -> 0 | K32: =IF(J32>0,K31-J32,0) -> 0 | L32: =E32+J32 -> 0 | M32: =IF(L32>0,M31-L32,0) -> 0 | N32: =IF(M32>0,M32/#REF!,"")
A33: =A32+1 -> 32 | B33: =IF(IFERROR(_xlfn.XLOOKUP(A33,'2. Boletim de Medição'!$10:$10,'2. Boletim de Medição'!$6:$6),"")>0,IFERROR(_xlfn.XLOOKUP(A33,'2. Boletim de Medição'!$10:$10,'2. Boletim de Medição'!$6:$6),""),"") | C33: =IF(IFERROR(_xlfn.XLOOKUP(A33,'2. Boletim de Medição'!$10:$10,'2. Boletim de Medição'!$7:$7),"")>0,IFERROR(_xlfn.XLOOKUP(A33,'2. Boletim de Medição'!$10:$10,'2. Boletim de Medição'!$7:$7),""),"") | E33: =IFERROR(_xlfn.XLOOKUP(A33,'2. Boletim de Medição'!$10:$10,'2. Boletim de Medição'!$13:$13),0) -> 0 | F33: =IFERROR(_xlfn.XLOOKUP(A33,'2. Boletim de Medição'!$10:$10,'2. Boletim de Medição'!$34:$34),0) -> 0 | G33: =IFERROR(E33*#REF!,0) -> 0 | H33: =IFERROR(E33-F33-G33,0) -> 0 | I33: =IF(E33>0,I32-E33,0) -> 0 | J33: =IFERROR(_xlfn.XLOOKUP(A33,'3. Faturamento Direto'!$9:$9,'3. Faturamento Direto'!$13:$13),0) -> 0 | K33: =IF(J33>0,K32-J33,0) -> 0 | L33: =E33+J33 -> 0 | M33: =IF(L33>0,M32-L33,0) -> 0 | N33: =IF(M33>0,M33/#REF!,"")
... A37: =A36+1 -> 36 | B37: =IF(IFERROR(_xlfn.XLOOKUP(A37,'2. Boletim de Medição'!$10:$10,'2. Boletim de Medição'!$6:$6),"")>0,IFERROR(_xlfn.XLOOKUP(A37,'2. Boletim de Medição'!$10:$10,'2. Boletim de Medição'!$6:$6),""),"") | C37: =IF(IFERROR(_xlfn.XLOOKUP(A37,'2. Boletim de Medição'!$10:$10,'2. Boletim de Medição'!$7:$7),"")>0,IFERROR(_xlfn.XLOOKUP(A37,'2. Boletim de Medição'!$10:$10,'2. Boletim de Medição'!$7:$7),""),"") | E37: =IFERROR(_xlfn.XLOOKUP(A37,'2. Boletim de Medição'!$10:$10,'2. Boletim de Medição'!$13:$13),0) -> 0 | F37: =IFERROR(_xlfn.XLOOKUP(A37,'2. Boletim de Medição'!$10:$10,'2. Boletim de Medição'!$34:$34),0) -> 0 | G37: =IFERROR(E37*#REF!,0) -> 0 | H37: =IFERROR(E37-F37-G37,0) -> 0 | I37: =IF(E37>0,I36-E37,0) -> 0 | J37: =IFERROR(_xlfn.XLOOKUP(A37,'3. Faturamento Direto'!$9:$9,'3. Faturamento Direto'!$13:$13),0) -> 0 | K37: =IF(J37>0,K36-J37,0) -> 0 | L37: =E37+J37 -> 0 | M37: =IF(L37>0,M36-L37,0) -> 0 | N37: =IF(M37>0,M37/#REF!,"")

Sheet tbFisico
A1: MEDIÇÃO | B1: EXECUTADO
A2: 1 | B2: =IF(SUM(tbBoletim!M2:M15)=0,"",SUM(tbBoletim!M2:M15)) -> 2136
A3: 2 | B3: =SUM(tbBoletim!O2:O15) -> 1405
A4: 3 | B4: =IF(SUM(tbBoletim!Q2:Q15)=0,"",SUM(tbBoletim!Q2:Q15)) -> 796
A5: 4 | B5: =IF(SUM(tbBoletim!S2:S15)=0,"",SUM(tbBoletim!S2:S15)) -> 829.79
A6: 5 | B6: =IF(SUM(tbBoletim!U2:U15)=0,"",SUM(tbBoletim!U2:U15)) -> 56
A7: 6 | B7: =IF(SUM(tbBoletim!W2:W15)=0,"",SUM(tbBoletim!W2:W15))
A8: 7 | B8: =IF(SUM(tbBoletim!Y2:Y15)=0,"",SUM(tbBoletim!Y2:Y15))
A9: 8 | B9: =IF(SUM(tbBoletim!AA2:AA15)=0,"",SUM(tbBoletim!AA2:AA15))
A10: 9 | B10: =IF(SUM(tbBoletim!AC2:AC15)=0,"",SUM(tbBoletim!AC2:AC15))
A11: 10 | B11: =IF(SUM(tbBoletim!AE2:AE15)=0,"",SUM(tbBoletim!AE2:AE15))

Sheet tbBoletim
A1: ITEM | B1: CÓDIGO TAREFA | C1: DESCRIÇÃO DO ITEM | D1: UNIDADE | E1: QUANTIDADE | F1: UNITÁRIO | G1: PESO | H1: TOTAL | I1: TOTAL MEDIDO | J1: VALOR MEDIDO | K1: SALDO | L1: VALOR SALDO | M1: MEDIÇÃO 1 | N1: VALOR MEDIÇÃO 1 | O1: MEDIÇÃO 2 | P1: VALOR MEDIÇÃO 2 | Q1: MEDIÇÃO 3 | R1: VALOR MEDIÇÃO 3 | S1: MEDIÇÃO 4 | T1: VALOR MEDIÇÃO 4 | U1: MEDIÇÃO 5 | V1: VALOR MEDIÇÃO 5 | W1: MEDIÇÃO 6 | X1: VALOR MEDIÇÃO 6 | Y1: MEDIÇÃO 7 | Z1: VALOR MEDIÇÃO 7 | AA1: MEDIÇÃO 8 | AB1: VALOR MEDIÇÃO 8 | AC1: MEDIÇÃO 9 | AD1: VALOR MEDIÇÃO 9 | AE1: MEDIÇÃO 10 | AF1: VALOR MEDIÇÃO 10
A2: 1.1 | B2: ='2. Boletim de Medição'!C17 -> 0 | C2: ='2. Boletim de Medição'!D17 -> INSTALAÇÕES ELÉTRICAS | D2: ='2. Boletim de Medição'!E17 -> 0 | E2: ='2. Boletim de Medição'!F17 -> 0 | F2: ='2. Boletim de Medição'!G17 -> 0 | G2: ='2. Boletim de Medição'!H17 -> 1 | H2: ='2. Boletim de Medição'!I17 -> 213840 | I2: ='2. Boletim de Medição'!L17 -> 0 | J2: ='2. Boletim de Medição'!M17 -> 101067.8 | K2: ='2. Boletim de Medição'!P17 -> 0 | L2: ='2. Boletim de Medição'!Q17 -> 112772.2 | M2: ='2. Boletim de Medição'!S17 -> 0 | N2: ='2. Boletim de Medição'!T17 -> 42170 | O2: ='2. Boletim de Medição'!V17 -> 0 | P2: ='2. Boletim de Medição'!W17 -> 27310 | Q2: ='2. Boletim de Medição'!Z17 -> 0 | R2: ='2. Boletim de Medição'!AA17 -> 14285 | S2: ='2. Boletim de Medição'!AC17 -> 0 | T2: ='2. Boletim de Medição'!AD17 -> 15902.8 | U2: ='2. Boletim de Medição'!AF17 -> 0 | V2: ='2. Boletim de Medição'!AG17 -> 1400 | W2: ='2. Boletim de Medição'!AI17 -> 0 | X2: ='2. Boletim de Medição'!AJ17 -> 0 | Y2: ='2. Boletim de Medição'!AL17 -> 0 | Z2: ='2. Boletim de Medição'!AM17 -> 0 | AA2: ='2. Boletim de Medição'!AO17 -> 0 | AB2: ='2. Boletim de Medição'!AP17 -> 0 | AC2: ='2. Boletim de Medição'!AR17 -> 0 | AD2: ='2. Boletim de Medição'!AS17 -> 0 | AE2: ='2. Boletim de Medição'!AU17 -> 0 | AF2: ='2. Boletim de Medição'!AV17 -> 0
A3: 1.1.1 | B3: ='2. Boletim de Medição'!C18 -> 0 | C3: ='2. Boletim de Medição'!D18 -> Mao de Obra Colocacao de Azulejo | D3: ='2. Boletim de Medição'!E18 -> M² | E3: ='2. Boletim de Medição'!F18 -> 1081 | F3: ='2. Boletim de Medição'!G18 -> 20 | G3: ='2. Boletim de Medição'!H18 -> 0.10110363 | H3: ='2. Boletim de Medição'!I18 -> 21620 | I3: ='2. Boletim de Medição'!L18 -> 262.79 | J3: ='2. Boletim de Medição'!M18 -> 5255.8 | K3: ='2. Boletim de Medição'!P18 -> 818.21 | L3: ='2. Boletim de Medição'!Q18 -> 16364.2 | M3: ='2. Boletim de Medição'!S18 -> 0 | N3: ='2. Boletim de Medição'!T18 -> 0 | O3: ='2. Boletim de Medição'!V18 -> 0 | P3: ='2. Boletim de Medição'!W18 -> 0 | Q3: ='2. Boletim de Medição'!Z18 -> 0 | R3: ='2. Boletim de Medição'!AA18 -> 0 | S3: ='2. Boletim de Medição'!AC18 -> 262.79 | T3: ='2. Boletim de Medição'!AD18 -> 5255.8 | U3: ='2. Boletim de Medição'!AF18 -> 0 | V3: ='2. Boletim de Medição'!AG18 -> 0 | W3: ='2. Boletim de Medição'!AI18 -> 0 | X3: ='2. Boletim de Medição'!AJ18 -> 0 | Y3: ='2. Boletim de Medição'!AL18 -> 0 | Z3: ='2. Boletim de Medição'!AM18 -> 0 | AA3: ='2. Boletim de Medição'!AO18 -> 0 | AB3: ='2. Boletim de Medição'!AP18 -> 0 | AC3: ='2. Boletim de Medição'!AR18 -> 0 | AD3: ='2. Boletim de Medição'!AS18 -> 0 | AE3: ='2. Boletim de Medição'!AU18 -> 0 | AF3: ='2. Boletim de Medição'!AV18 -> 0
A4: 1.1.2 | B4: ='2. Boletim de Medição'!C19 -> 0 | C4: ='2. Boletim de Medição'!D19 -> Mao de Obra Colocacao Piso Ceramico | D4: ='2. Boletim de Medição'!E19 -> M² | E4: ='2. Boletim de Medição'!F19 -> 3028 | F4: ='2. Boletim de Medição'!G19 -> 25 | G4: ='2. Boletim de Medição'!H19 -> 0.35400299 | H4: ='2. Boletim de Medição'!I19 -> 75700 | I4: ='2. Boletim de Medição'!L19 -> 2046.2 | J4: ='2. Boletim de Medição'!M19 -> 51155 | K4: ='2. Boletim de Medição'!P19 -> 981.8 | L4: ='2. Boletim de Medição'!Q19 -> 24545 | M4: ='2. Boletim de Medição'!S19 -> 1013 | N4: ='2. Boletim de Medição'!T19 -> 25325 | O4: ='2. Boletim de Medição'!V19 -> 581 | P4: ='2. Boletim de Medição'!W19 -> 14525 | Q4: ='2. Boletim de Medição'!Z19 -> 238 | R4: ='2. Boletim de Medição'!AA19 -> 5950 | S4: ='2. Boletim de Medição'!AC19 -> 214.2 | T4: ='2. Boletim de Medição'!AD19 -> 5355 | U4: ='2. Boletim de Medição'!AF19 -> 0 | V4: ='2. Boletim de Medição'!AG19 -> 0 | W4: ='2. Boletim de Medição'!AI19 -> 0 | X4: ='2. Boletim de Medição'!AJ19 -> 0 | Y4: ='2. Boletim de Medição'!AL19 -> 0 | Z4: ='2. Boletim de Medição'!AM19 -> 0 | AA4: ='2. Boletim de Medição'!AO19 -> 0 | AB4: ='2. Boletim de Medição'!AP19 -> 0 | AC4: ='2. Boletim de Medição'!AR19 -> 0 | AD4: ='2. Boletim de Medição'!AS19 -> 0 | AE4: ='2. Boletim de Medição'!AU19 -> 0 | AF4: ='2. Boletim de Medição'!AV19 -> 0
A5: 1.1.3 | B5: ='2. Boletim de Medição'!C20 -> 0 | C5: ='2. Boletim de Medição'!D20 -> M.O para colocação de soleiras | D5: ='2. Boletim de Medição'!E20 -> M | E5: ='2. Boletim de Medição'!F20 -> 337 | F5: ='2. Boletim de Medição'!G20 -> 10 | G5: ='2. Boletim de Medição'!H20 -> 0.015759446 | H5: ='2. Boletim de Medição'!I20 -> 3370 | I5: ='2. Boletim de Medição'!L20 -> 204 | J5: ='2. Boletim de Medição'!M20 -> 2040 | K5: ='2. Boletim de Medição'!P20 -> 133 | L5: ='2. Boletim de Medição'!Q20 -> 1330 | M5: ='2. Boletim de Medição'!S20 -> 0 | N5: ='2. Boletim de Medição'!T20 -> 0 | O5: ='2. Boletim de Medição'!V20 -> 155 | P5: ='2. Boletim de Medição'!W20 -> 1550 | Q5: ='2. Boletim de Medição'!Z20 -> 49 | R5: ='2. Boletim de Medição'!AA20 -> 490 | S5: ='2. Boletim de Medição'!AC20 -> 0 | T5: ='2. Boletim de Medição'!AD20 -> 0 | U5: ='2. Boletim de Medição'!AF20 -> 0 | V5: ='2. Boletim de Medição'!AG20 -> 0 | W5: ='2. Boletim de Medição'!AI20 -> 0 | X5: ='2. Boletim de Medição'!AJ20 -> 0 | Y5: ='2. Boletim de Medição'!AL20 -> 0 | Z5: ='2. Boletim de Medição'!AM20 -> 0 | AA5: ='2. Boletim de Medição'!AO20 -> 0 | AB5: ='2. Boletim de Medição'!AP20 -> 0 | AC5: ='2. Boletim de Medição'!AR20 -> 0 | AD5: ='2. Boletim de Medição'!AS20 -> 0 | AE5: ='2. Boletim de Medição'!AU20 -> 0 | AF5: ='2. Boletim de Medição'!AV20 -> 0
A6: 1.1.4 | B6: ='2. Boletim de Medição'!C21 -> 0 | C6: ='2. Boletim de Medição'!D21 -> M.O. para colocação de baguetes | D6: ='2. Boletim de Medição'!E21 -> M | E6: ='2. Boletim de Medição'!F21 -> 353 | F6: ='2. Boletim de Medição'!G21 -> 25 | G6: ='2. Boletim de Medição'!H21 -> 0.041269173 | H6: ='2. Boletim de Medição'!I21 -> 8825 | I6: ='2. Boletim de Medição'!L21 -> 197 | J6: ='2. Boletim de Medição'!M21 -> 4925 | K6: ='2. Boletim de Medição'!P21 -> 156 | L6: ='2. Boletim de Medição'!Q21 -> 3900 | M6: ='2. Boletim de Medição'!S21 -> 0 | N6: ='2. Boletim de Medição'!T21 -> 0 | O6: ='2. Boletim de Medição'!V21 -> 120 | P6: ='2. Boletim de Medição'!W21 -> 3000 | Q6: ='2. Boletim de Medição'!Z21 -> 21 | R6: ='2. Boletim de Medição'!AA21 -> 525 | S6: ='2. Boletim de Medição'!AC21 -> 0 | T6: ='2. Boletim de Medição'!AD21 -> 0 | U6: ='2. Boletim de Medição'!AF21 -> 56 | V6: ='2. Boletim de Medição'!AG21 -> 1400 | W6: ='2. Boletim de Medição'!AI21 -> 0 | X6: ='2. Boletim de Medição'!AJ21 -> 0 | Y6: ='2. Boletim de Medição'!AL21 -> 0 | Z6: ='2. Boletim de Medição'!AM21 -> 0 | AA6: ='2. Boletim de Medição'!AO21 -> 0 | AB6: ='2. Boletim de Medição'!AP21 -> 0 | AC6: ='2. Boletim de Medição'!AR21 -> 0 | AD6: ='2. Boletim de Medição'!AS21 -> 0 | AE6: ='2. Boletim de Medição'!AU21 -> 0 | AF6: ='2. Boletim de Medição'!AV21 -> 0
A7: 1.1.5 | B7: ='2. Boletim de Medição'!C22 -> 0 | C7: ='2. Boletim de Medição'!D22 -> Rodapé Cerâmico | Porcelanato - Serviço M.O Subcontrato | D7: ='2. Boletim de Medição'!E22 -> M | E7: ='2. Boletim de Medição'!F22 -> 6955 | F7: ='2. Boletim de Medição'!G22 -> 15 | G7: ='2. Boletim de Medição'!H22 -> 0.48786476 | H7: ='2. Boletim de Medição'!I22 -> 104325 | I7: ='2. Boletim de Medição'!L22 -> 2512.8 | J7: ='2. Boletim de Medição'!M22 -> 37692 | K7: ='2. Boletim de Medição'!P22 -> 4442.2 | L7: ='2. Boletim de Medição'!Q22 -> 66633 | M7: ='2. Boletim de Medição'!S22 -> 1123 | N7: ='2. Boletim de Medição'!T22 -> 16845 | O7: ='2. Boletim de Medição'!V22 -> 549 | P7: ='2. Boletim de Medição'!W22 -> 8235 | Q7: ='2. Boletim de Medição'!Z22 -> 488 | R7: ='2. Boletim de Medição'!AA22 -> 7320 | S7: ='2. Boletim de Medição'!AC22 -> 352.8 | T7: ='2. Boletim de Medição'!AD22 -> 5292 | U7: ='2. Boletim de Medição'!AF22 -> 0 | V7: ='2. Boletim de Medição'!AG22 -> 0 | W7: ='2. Boletim de Medição'!AI22 -> 0 | X7: ='2. Boletim de Medição'!AJ22 -> 0 | Y7: ='2. Boletim de Medição'!AL22 -> 0 | Z7: ='2. Boletim de Medição'!AM22 -> 0 | AA7: ='2. Boletim de Medição'!AO22 -> 0 | AB7: ='2. Boletim de Medição'!AP22 -> 0 | AC7: ='2. Boletim de Medição'!AR22 -> 0 | AD7: ='2. Boletim de Medição'!AS22 -> 0 | AE7: ='2. Boletim de Medição'!AU22 -> 0 | AF7: ='2. Boletim de Medição'!AV22 -> 0
A8: 1.1.5 | B8: ='2. Boletim de Medição'!C23 -> 0 | C8: ='2. Boletim de Medição'!D23 -> 0 | D8: ='2. Boletim de Medição'!E23 -> 0 | E8: ='2. Boletim de Medição'!F23 -> 0 | F8: ='2. Boletim de Medição'!G23 -> 0 | G8: ='2. Boletim de Medição'!H23 -> 0 | H8: ='2. Boletim de Medição'!I23 -> 0 | I8: ='2. Boletim de Medição'!L23 -> 0 | J8: ='2. Boletim de Medição'!M23 -> 0 | K8: ='2. Boletim de Medição'!P23 -> 0 | L8: ='2. Boletim de Medição'!Q23 -> 0 | M8: ='2. Boletim de Medição'!S23 -> 0 | N8: ='2. Boletim de Medição'!T23 -> 0 | O8: ='2. Boletim de Medição'!V23 -> 0 | P8: ='2. Boletim de Medição'!W23 -> 0 | Q8: ='2. Boletim de Medição'!Z23 -> 0 | R8: ='2. Boletim de Medição'!AA23 -> 0 | S8: ='2. Boletim de Medição'!AC23 -> 0 | T8: ='2. Boletim de Medição'!AD23 -> 0 | U8: ='2. Boletim de Medição'!AF23 -> 0 | V8: ='2. Boletim de Medição'!AG23 -> 0 | W8: ='2. Boletim de Medição'!AI23 -> 0 | X8: ='2. Boletim de Medição'!AJ23 -> 0 | Y8: ='2. Boletim de Medição'!AL23 -> 0 | Z8: ='2. Boletim de Medição'!AM23 -> 0 | AA8: ='2. Boletim de Medição'!AO23 -> 0 | AB8: ='2. Boletim de Medição'!AP23 -> 0 | AC8: ='2. Boletim de Medição'!AR23 -> 0 | AD8: ='2. Boletim de Medição'!AS23 -> 0 | AE8: ='2. Boletim de Medição'!AU23 -> 0 | AF8: ='2. Boletim de Medição'!AV23 -> 0
A9: 1.1.6 | B9: ='2. Boletim de Medição'!C24 -> 0 | C9: ='2. Boletim de Medição'!D24 -> 0 | D9: ='2. Boletim de Medição'!E24 -> 0 | E9: ='2. Boletim de Medição'!F24 -> 0 | F9: ='2. Boletim de Medição'!G24 -> 0 | G9: ='2. Boletim de Medição'!H24 -> 0 | H9: ='2. Boletim de Medição'!I24 -> 0 | I9: ='2. Boletim de Medição'!L24 -> 0 | J9: ='2. Boletim de Medição'!M24 -> 0 | K9: ='2. Boletim de Medição'!P24 -> 0 | L9: ='2. Boletim de Medição'!Q24 -> 0 | M9: ='2. Boletim de Medição'!S24 -> 0 | N9: ='2. Boletim de Medição'!T24 -> 0 | O9: ='2. Boletim de Medição'!V24 -> 0 | P9: ='2. Boletim de Medição'!W24 -> 0 | Q9: ='2. Boletim de Medição'!Z24 -> 0 | R9: ='2. Boletim de Medição'!AA24 -> 0 | S9: ='2. Boletim de Medição'!AC24 -> 0 | T9: ='2. Boletim de Medição'!AD24 -> 0 | U9: ='2. Boletim de Medição'!AF24 -> 0 | V9: ='2. Boletim de Medição'!AG24 -> 0 | W9: ='2. Boletim de Medição'!AI24 -> 0 | X9: ='2. Boletim de Medição'!AJ24 -> 0 | Y9: ='2. Boletim de Medição'!AL24 -> 0 | Z9: ='2. Boletim de Medição'!AM24 -> 0 | AA9: ='2. Boletim de Medição'!AO24 -> 0 | AB9: ='2. Boletim de Medição'!AP24 -> 0 | AC9: ='2. Boletim de Medição'!AR24 -> 0 | AD9: ='2. Boletim de Medição'!AS24 -> 0 | AE9: ='2. Boletim de Medição'!AU24 -> 0 | AF9: ='2. Boletim de Medição'!AV24 -> 0
A10: 1.1.7 | B10: ='2. Boletim de Medição'!C25 -> 0 | C10: ='2. Boletim de Medição'!D25 -> 0 | D10: ='2. Boletim de Medição'!E25 -> 0 | E10: ='2. Boletim de Medição'!F25 -> 0 | F10: ='2. Boletim de Medição'!G25 -> 0 | G10: ='2. Boletim de Medição'!H25 -> 0 | H10: ='2. Boletim de Medição'!I25 -> 0 | I10: ='2. Boletim de Medição'!L25 -> 0 | J10: ='2. Boletim de Medição'!M25 -> 0 | K10: ='2. Boletim de Medição'!P25 -> 0 | L10: ='2. Boletim de Medição'!Q25 -> 0 | M10: ='2. Boletim de Medição'!S25 -> 0 | N10: ='2. Boletim de Medição'!T25 -> 0 | O10: ='2. Boletim de Medição'!V25 -> 0 | P10: ='2. Boletim de Medição'!W25 -> 0 | Q10: ='2. Boletim de Medição'!Z25 -> 0 | R10: ='2. Boletim de Medição'!AA25 -> 0 | S10: ='2. Boletim de Medição'!AC25 -> 0 | T10: ='2. Boletim de Medição'!AD25 -> 0 | U10: ='2. Boletim de Medição'!AF25 -> 0 | V10: ='2. Boletim de Medição'!AG25 -> 0 | W10: ='2. Boletim de Medição'!AI25 -> 0 | X10: ='2. Boletim de Medição'!AJ25 -> 0 | Y10: ='2. Boletim de Medição'!AL25 -> 0 | Z10: ='2. Boletim de Medição'!AM25 -> 0 | AA10: ='2. Boletim de Medição'!AO25 -> 0 | AB10: ='2. Boletim de Medição'!AP25 -> 0 | AC10: ='2. Boletim de Medição'!AR25 -> 0 | AD10: ='2. Boletim de Medição'!AS25 -> 0 | AE10: ='2. Boletim de Medição'!AU25 -> 0 | AF10: ='2. Boletim de Medição'!AV25 -> 0
A11: 1.7 | B11: ='2. Boletim de Medição'!C26 -> 0 | C11: ='2. Boletim de Medição'!D26 -> 0 | D11: ='2. Boletim de Medição'!E26 -> 0 | E11: ='2. Boletim de Medição'!F26 -> 0 | F11: ='2. Boletim de Medição'!G26 -> 0 | G11: ='2. Boletim de Medição'!H26 -> 0 | H11: ='2. Boletim de Medição'!I26 -> 0 | I11: ='2. Boletim de Medição'!L26 -> 0 | J11: ='2. Boletim de Medição'!M26 -> 0 | K11: ='2. Boletim de Medição'!P26 -> 0 | L11: ='2. Boletim de Medição'!Q26 -> 0 | M11: ='2. Boletim de Medição'!S26 -> 0 | N11: ='2. Boletim de Medição'!T26 -> 0 | O11: ='2. Boletim de Medição'!V26 -> 0 | P11: ='2. Boletim de Medição'!W26 -> 0 | Q11: ='2. Boletim de Medição'!Z26 -> 0 | R11: ='2. Boletim de Medição'!AA26 -> 0 | S11: ='2. Boletim de Medição'!AC26 -> 0 | T11: ='2. Boletim de Medição'!AD26 -> 0 | U11: ='2. Boletim de Medição'!AF26 -> 0 | V11: ='2. Boletim de Medição'!AG26 -> 0 | W11: ='2. Boletim de Medição'!AI26 -> 0 | X11: ='2. Boletim de Medição'!AJ26 -> 0 | Y11: ='2. Boletim de Medição'!AL26 -> 0 | Z11: ='2. Boletim de Medição'!AM26 -> 0 | AA11: ='2. Boletim de Medição'!AO26 -> 0 | AB11: ='2. Boletim de Medição'!AP26 -> 0 | AC11: ='2. Boletim de Medição'!AR26 -> 0 | AD11: ='2. Boletim de Medição'!AS26 -> #REF! | AE11: ='2. Boletim de Medição'!AU26 -> 0 | AF11: ='2. Boletim de Medição'!AV26 -> 0
A12: 1.7.1 | B12: ='2. Boletim de Medição'!C27 -> 0 | C12: ='2. Boletim de Medição'!D27 -> 0 | D12: ='2. Boletim de Medição'!E27 -> 0 | E12: ='2. Boletim de Medição'!F27 -> 0 | F12: ='2. Boletim de Medição'!G27 -> 0 | G12: ='2. Boletim de Medição'!H27 -> 0 | H12: ='2. Boletim de Medição'!I27 -> 0 | I12: ='2. Boletim de Medição'!L27 -> 0 | J12: ='2. Boletim de Medição'!M27 -> 0 | K12: ='2. Boletim de Medição'!P27 -> 0 | L12: ='2. Boletim de Medição'!Q27 -> 0 | M12: ='2. Boletim de Medição'!S27 -> 0 | N12: ='2. Boletim de Medição'!T27 -> 0 | O12: ='2. Boletim de Medição'!V27 -> 0 | P12: ='2. Boletim de Medição'!W27 -> 0 | Q12: ='2. Boletim de Medição'!Z27 -> 0 | R12: ='2. Boletim de Medição'!AA27 -> 0 | S12: ='2. Boletim de Medição'!AC27 -> 0 | T12: ='2. Boletim de Medição'!AD27 -> 0 | U12: ='2. Boletim de Medição'!AF27 -> 0 | V12: ='2. Boletim de Medição'!AG27 -> 0 | W12: ='2. Boletim de Medição'!AI27 -> 0 | X12: ='2. Boletim de Medição'!AJ27 -> 0 | Y12: ='2. Boletim de Medição'!AL27 -> 0 | Z12: ='2. Boletim de Medição'!AM27 -> 0 | AA12: ='2. Boletim de Medição'!AO27 -> 0 | AB12: ='2. Boletim de Medição'!AP27 -> 0 | AC12: ='2. Boletim de Medição'!AR27 -> 0 | AD12: ='2. Boletim de Medição'!AS27 -> 0 | AE12: ='2. Boletim de Medição'!AU27 -> 0 | AF12: ='2. Boletim de Medição'!AV27 -> 0
A13: 1.5.2 | B13: ='2. Boletim de Medição'!C28 -> 0 | C13: ='2. Boletim de Medição'!D28 -> 0 | D13: ='2. Boletim de Medição'!E28 -> 0 | E13: ='2. Boletim de Medição'!F28 -> 0 | F13: ='2. Boletim de Medição'!G28 -> 0 | G13: ='2. Boletim de Medição'!H28 -> 0 | H13: ='2. Boletim de Medição'!I28 -> 0 | I13: ='2. Boletim de Medição'!L28 -> 0 | J13: ='2. Boletim de Medição'!M28 -> 0 | K13: ='2. Boletim de Medição'!P28 -> 0 | L13: ='2. Boletim de Medição'!Q28 -> 0 | M13: ='2. Boletim de Medição'!S28 -> 0 | N13: ='2. Boletim de Medição'!T28 -> 0 | O13: ='2. Boletim de Medição'!V28 -> 0 | P13: ='2. Boletim de Medição'!W28 -> 0 | Q13: ='2. Boletim de Medição'!Z28 -> 0 | R13: ='2. Boletim de Medição'!AA28 -> 0 | S13: ='2. Boletim de Medição'!AC28 -> 0 | T13: ='2. Boletim de Medição'!AD28 -> 0 | U13: ='2. Boletim de Medição'!AF28 -> 0 | V13: ='2. Boletim de Medição'!AG28 -> 0 | W13: ='2. Boletim de Medição'!AI28 -> 0 | X13: ='2. Boletim de Medição'!AJ28 -> 0 | Y13: ='2. Boletim de Medição'!AL28 -> 0 | Z13: ='2. Boletim de Medição'!AM28 -> 0 | AA13: ='2. Boletim de Medição'!AO28 -> 0 | AB13: ='2. Boletim de Medição'!AP28 -> 0 | AC13: ='2. Boletim de Medição'!AR28 -> 0 | AD13: ='2. Boletim de Medição'!AS28 -> 0 | AE13: ='2. Boletim de Medição'!AU28 -> 0 | AF13: ='2. Boletim de Medição'!AV28 -> 0
... A15: 1.5.4 | B15: ='2. Boletim de Medição'!C30 -> 0 | C15: ='2. Boletim de Medição'!D30 -> 0 | D15: ='2. Boletim de Medição'!E30 -> 0 | E15: ='2. Boletim de Medição'!F30 -> 0 | F15: ='2. Boletim de Medição'!G30 -> 0 | G15: ='2. Boletim de Medição'!H30 -> 0 | H15: ='2. Boletim de Medição'!I30 -> 0 | I15: ='2. Boletim de Medição'!L30 -> 0 | J15: ='2. Boletim de Medição'!M30 -> 0 | K15: ='2. Boletim de Medição'!P30 -> 0 | L15: ='2. Boletim de Medição'!Q30 -> 0 | M15: ='2. Boletim de Medição'!S30 -> 0 | N15: ='2. Boletim de Medição'!T30 -> 0 | O15: ='2. Boletim de Medição'!V30 -> 0 | P15: ='2. Boletim de Medição'!W30 -> 0 | Q15: ='2. Boletim de Medição'!Z30 -> 0 | R15: ='2. Boletim de Medição'!AA30 -> 0 | S15: ='2. Boletim de Medição'!AC30 -> 0 | T15: ='2. Boletim de Medição'!AD30 -> 0 | U15: ='2. Boletim de Medição'!AF30 -> 0 | V15: ='2. Boletim de Medição'!AG30 -> 0 | W15: ='2. Boletim de Medição'!AI30 -> 0 | X15: ='2. Boletim de Medição'!AJ30 -> 0 | Y15: ='2. Boletim de Medição'!AL30 -> 0 | Z15: ='2. Boletim de Medição'!AM30 -> 0 | AA15: ='2. Boletim de Medição'!AO30 -> 0 | AB15: ='2. Boletim de Medição'!AP30 -> 0 | AC15: ='2. Boletim de Medição'!AR30 -> 0 | AD15: ='2. Boletim de Medição'!AS30 -> 0 | AE15: ='2. Boletim de Medição'!AU30 -> 0 | AF15: ='2. Boletim de Medição'!AV30 -> 0
A16: D.1 | B16: ='2. Boletim de Medição'!C34 -> 0 | C16: ='2. Boletim de Medição'!I34 -> DEDUÇÃO | D16: ='2. Boletim de Medição'!E34 -> 0 | E16: ='2. Boletim de Medição'!F34 -> 0 | F16: ='2. Boletim de Medição'!G34 -> 0 | G16: ='2. Boletim de Medição'!H34 -> 0 | H16: ='2. Boletim de Medição'!M34 -> 0 | I16: ='2. Boletim de Medição'!L34 -> 0 | J16: ='2. Boletim de Medição'!M34 -> 0 | K16: ='2. Boletim de Medição'!O34 -> 0 | L16: ='2. Boletim de Medição'!Q34 -> 0 | M16: ='2. Boletim de Medição'!S34 -> 0 | N16: ='2. Boletim de Medição'!T32 -> 2951.9 | O16: ='2. Boletim de Medição'!V34 -> 0 | P16: ='2. Boletim de Medição'!W32 -> 1911.7 | Q16: ='2. Boletim de Medição'!Z34 -> 0 | R16: ='2. Boletim de Medição'!AA32 -> 999.95 | S16: ='2. Boletim de Medição'!AC34 -> 0 | T16: ='2. Boletim de Medição'!AD32 -> 1113.196 | U16: ='2. Boletim de Medição'!AF34 -> 0 | V16: ='2. Boletim de Medição'!AG32 -> 98 | W16: ='2. Boletim de Medição'!AI34 -> 0 | X16: ='2. Boletim de Medição'!AJ32 -> 0 | Y16: ='2. Boletim de Medição'!AL34 -> 0 | Z16: ='2. Boletim de Medição'!AM32 -> 0 | AA16: ='2. Boletim de Medição'!AO34 -> 0 | AB16: ='2. Boletim de Medição'!AP32 -> 0 | AC16: ='2. Boletim de Medição'!AR34 -> 0 | AD16: ='2. Boletim de Medição'!AS32 -> #REF! | AE16: ='2. Boletim de Medição'!AV32 -> 0 | AF16: ='2. Boletim de Medição'!AV34 -> 0
A17: D.1.1 | B17: ='2. Boletim de Medição'!C32 -> 0 | C17: ='2. Boletim de Medição'!I35 -> ALIMENTAÇÃO | D17: ='2. Boletim de Medição'!E35 -> 0 | E17: ='2. Boletim de Medição'!F35 -> 0 | F17: ='2. Boletim de Medição'!G35 -> 0 | G17: ='2. Boletim de Medição'!H35 -> 0 | H17: ='2. Boletim de Medição'!M35 -> 0 | I17: ='2. Boletim de Medição'!L35 -> 0 | J17: ='2. Boletim de Medição'!M35 -> 0 | K17: ='2. Boletim de Medição'!O35 -> 0 | L17: ='2. Boletim de Medição'!Q35 -> 0 | M17: ='2. Boletim de Medição'!S35 -> 0 | N17: ='2. Boletim de Medição'!T35 -> 0 | O17: ='2. Boletim de Medição'!V35 -> 0 | P17: ='2. Boletim de Medição'!W35 -> 0 | Q17: ='2. Boletim de Medição'!Z35 -> 0 | R17: ='2. Boletim de Medição'!AA35 -> 0 | S17: ='2. Boletim de Medição'!AC35 -> 0 | T17: ='2. Boletim de Medição'!AD35 -> 0 | U17: ='2. Boletim de Medição'!AF35 -> 0 | V17: ='2. Boletim de Medição'!AG35 -> 0 | W17: ='2. Boletim de Medição'!AI35 -> 0 | X17: ='2. Boletim de Medição'!AJ35 -> 0 | Y17: ='2. Boletim de Medição'!AL35 -> 0 | Z17: ='2. Boletim de Medição'!AM35 -> 0 | AA17: ='2. Boletim de Medição'!AO35 -> 0 | AB17: ='2. Boletim de Medição'!AP35 -> 0 | AC17: ='2. Boletim de Medição'!AR35 -> 0 | AD17: ='2. Boletim de Medição'!AS35 -> 0 | AE17: ='2. Boletim de Medição'!AU35 -> 0 | AF17: ='2. Boletim de Medição'!AV35 -> 0
A18: D.1.2 | B18: ='2. Boletim de Medição'!C33 -> 0 | C18: ='2. Boletim de Medição'!I36 -> ALOJAMENTO | D18: ='2. Boletim de Medição'!E36 -> 0 | E18: ='2. Boletim de Medição'!F36 -> 0 | F18: ='2. Boletim de Medição'!G36 -> 0 | G18: ='2. Boletim de Medição'!H36 -> 0 | H18: ='2. Boletim de Medição'!M36 -> 0 | I18: ='2. Boletim de Medição'!L36 -> 0 | J18: ='2. Boletim de Medição'!M36 -> 0 | K18: ='2. Boletim de Medição'!O36 -> 0 | L18: ='2. Boletim de Medição'!Q36 -> 0 | M18: ='2. Boletim de Medição'!S36 -> 0 | N18: ='2. Boletim de Medição'!T36 -> 0 | O18: ='2. Boletim de Medição'!V36 -> 0 | P18: ='2. Boletim de Medição'!W36 -> 0 | Q18: ='2. Boletim de Medição'!Z36 -> 0 | R18: ='2. Boletim de Medição'!AA36 -> 0 | S18: ='2. Boletim de Medição'!AC36 -> 0 | T18: ='2. Boletim de Medição'!AD36 -> 0 | U18: ='2. Boletim de Medição'!AF36 -> 0 | V18: ='2. Boletim de Medição'!AG36 -> 0 | W18: ='2. Boletim de Medição'!AI36 -> 0 | X18: ='2. Boletim de Medição'!AJ36 -> 0 | Y18: ='2. Boletim de Medição'!AL36 -> 0 | Z18: ='2. Boletim de Medição'!AM36 -> 0 | AA18: ='2. Boletim de Medição'!AO36 -> 0 | AB18: ='2. Boletim de Medição'!AP36 -> 0 | AC18: ='2. Boletim de Medição'!AR36 -> 0 | AD18: ='2. Boletim de Medição'!AS36 -> 0 | AE18: ='2. Boletim de Medição'!AU36 -> 0 | AF18: ='2. Boletim de Medição'!AV36 -> 0
A19: D.1.3 | B19: ='2. Boletim de Medição'!C34 -> 0 | C19: ='2. Boletim de Medição'!I37 -> EPI | D19: ='2. Boletim de Medição'!E37 -> 0 | E19: ='2. Boletim de Medição'!F37 -> 0 | F19: ='2. Boletim de Medição'!G37 -> 0 | G19: ='2. Boletim de Medição'!H37 -> 0 | H19: ='2. Boletim de Medição'!M37 -> 0 | I19: ='2. Boletim de Medição'!L37 -> 0 | J19: ='2. Boletim de Medição'!M37 -> 0 | K19: ='2. Boletim de Medição'!O37 -> 0 | L19: ='2. Boletim de Medição'!Q37 -> 0 | M19: ='2. Boletim de Medição'!S37 -> 0 | N19: ='2. Boletim de Medição'!T37 -> 0 | O19: ='2. Boletim de Medição'!V37 -> 0 | P19: ='2. Boletim de Medição'!W37 -> 0 | Q19: ='2. Boletim de Medição'!Z37 -> 0 | R19: ='2. Boletim de Medição'!AA37 -> 0 | S19: ='2. Boletim de Medição'!AC37 -> 0 | T19: ='2. Boletim de Medição'!AD37 -> 0 | U19: ='2. Boletim de Medição'!AF37 -> 0 | V19: ='2. Boletim de Medição'!AG37 -> 0 | W19: ='2. Boletim de Medição'!AI37 -> 0 | X19: ='2. Boletim de Medição'!AJ37 -> 0 | Y19: ='2. Boletim de Medição'!AL37 -> 0 | Z19: ='2. Boletim de Medição'!AM37 -> 0 | AA19: ='2. Boletim de Medição'!AO37 -> 0 | AB19: ='2. Boletim de Medição'!AP37 -> 0 | AC19: ='2. Boletim de Medição'!AR37 -> 0 | AD19: ='2. Boletim de Medição'!AS37 -> 0 | AE19: ='2. Boletim de Medição'!AU37 -> 0 | AF19: ='2. Boletim de Medição'!AV37 -> 0
A20: D.1.4 | B20: ='2. Boletim de Medição'!C35 -> 0 | C20: ='2. Boletim de Medição'!I38 -> OUTROS (ESPECIFICAR) | D20: ='2. Boletim de Medição'!E38 -> 0 | E20: ='2. Boletim de Medição'!F38 -> 0 | F20: ='2. Boletim de Medição'!G38 -> 0 | G20: ='2. Boletim de Medição'!H38 -> 0 | H20: ='2. Boletim de Medição'!M38 -> 0 | I20: ='2. Boletim de Medição'!L38 -> 0 | J20: ='2. Boletim de Medição'!M38 -> 0 | K20: ='2. Boletim de Medição'!O38 -> 0 | L20: ='2. Boletim de Medição'!Q38 -> 0 | M20: ='2. Boletim de Medição'!S38 -> 0 | N20: ='2. Boletim de Medição'!T38 -> 0 | O20: ='2. Boletim de Medição'!V38 -> 0 | P20: ='2. Boletim de Medição'!W38 -> 0 | Q20: ='2. Boletim de Medição'!Z38 -> 0 | R20: ='2. Boletim de Medição'!AA38 -> 0 | S20: ='2. Boletim de Medição'!AC38 -> 0 | T20: ='2. Boletim de Medição'!AD38 -> 0 | U20: ='2. Boletim de Medição'!AF38 -> 0 | V20: ='2. Boletim de Medição'!AG38 -> 0 | W20: ='2. Boletim de Medição'!AI38 -> 0 | X20: ='2. Boletim de Medição'!AJ38 -> 0 | Y20: ='2. Boletim de Medição'!AL38 -> 0 | Z20: ='2. Boletim de Medição'!AM38 -> 0 | AA20: ='2. Boletim de Medição'!AO38 -> 0 | AB20: ='2. Boletim de Medição'!AP38 -> 0 | AC20: ='2. Boletim de Medição'!AR38 -> 0 | AD20: ='2. Boletim de Medição'!AS38 -> 0 | AE20: ='2. Boletim de Medição'!AU38 -> 0 | AF20: ='2. Boletim de Medição'!AV38 -> 0
A21: D.2.1 | B21: ='2. Boletim de Medição'!C37 -> 0 | C21: ='2. Boletim de Medição'!I40 -> RETENÇÃO | D21: ='2. Boletim de Medição'!E39 -> 0 | E21: ='2. Boletim de Medição'!F39 -> 0 | F21: ='2. Boletim de Medição'!G39 -> 0 | G21: ='2. Boletim de Medição'!H39 -> 0 | H21: ='2. Boletim de Medição'!M40 -> 0 | I21: ='2. Boletim de Medição'!L39 -> 0 | J21: ='2. Boletim de Medição'!M39 -> 0 | K21: ='2. Boletim de Medição'!O39 -> 0 | L21: ='2. Boletim de Medição'!Q39 -> 0 | M21: ='2. Boletim de Medição'!S39 -> 0 | N21: ='2. Boletim de Medição'!T39 -> 0 | O21: ='2. Boletim de Medição'!V39 -> 0 | P21: ='2. Boletim de Medição'!W39 -> 0 | Q21: ='2. Boletim de Medição'!Z39 -> 0 | R21: ='2. Boletim de Medição'!AA39 -> 0 | S21: ='2. Boletim de Medição'!AC39 -> 0 | T21: ='2. Boletim de Medição'!AD39 -> 0 | U21: ='2. Boletim de Medição'!AF39 -> 0 | V21: ='2. Boletim de Medição'!AG39 -> 0 | W21: ='2. Boletim de Medição'!AI39 -> 0 | X21: ='2. Boletim de Medição'!AJ39 -> 0 | Y21: ='2. Boletim de Medição'!AL39 -> 0 | Z21: ='2. Boletim de Medição'!AM39 -> 0 | AA21: ='2. Boletim de Medição'!AO39 -> 0 | AB21: ='2. Boletim de Medição'!AP39 -> 0 | AC21: ='2. Boletim de Medição'!AR39 -> 0 | AD21: ='2. Boletim de Medição'!AS39 -> 0 | AE21: ='2. Boletim de Medição'!AU39 -> 0 | AF21: ='2. Boletim de Medição'!AV39 -> 0

Sheet tbFaturamento
A1: ITEM | B1: CÓDIGO TAREFA | C1: DESCRIÇÃO DO ITEM | D1: PESO | E1: TOTAL | F1: TOTAL MEDIDO | G1: QUANTIDADE | H1: SALDO | I1: MEDIÇÃO 1 | K1: VALOR | M1: VALOR | O1: VALOR | Q1: VALOR | S1: VALOR | U1: VALOR | W1: VALOR | Y1: VALOR | AA1: VALOR
A2: ='3. Faturamento Direto'!B15 -> 1 | B2: ='3. Faturamento Direto'!C15 -> 0 | C2: ='3. Faturamento Direto'!D15 -> TOTAL CONTRATADO | D2: ='3. Faturamento Direto'!H15 -> #DIV/0! | E2: ='3. Faturamento Direto'!I15 -> 0 | F2: ='3. Faturamento Direto'!L15 -> 0 | G2: ='3. Faturamento Direto'!N15 -> 0 | H2: ='3. Faturamento Direto'!O15 -> 0 | I2: ='3. Faturamento Direto'!Q15 -> 0
A3: ='3. Faturamento Direto'!B17 -> 1.1 | B3: ='3. Faturamento Direto'!C17 -> 0 | C3: ='3. Faturamento Direto'!D17 -> 0 | D3: ='3. Faturamento Direto'!H17 -> #DIV/0! | E3: ='3. Faturamento Direto'!I17 -> 0 | F3: ='3. Faturamento Direto'!L17 -> 0 | G3: ='3. Faturamento Direto'!N17 -> 0 | H3: ='3. Faturamento Direto'!O17 -> 0 | I3: ='3. Faturamento Direto'!Q17 -> 0 | K3: =SUMIF($A:$A,$A3&"."&"*",K:K) -> 0 | M3: =SUMIF($A:$A,$A3&"."&"*",M:M) -> 0 | O3: =SUMIF($A:$A,$A3&"."&"*",O:O) -> 0 | Q3: =SUMIF($A:$A,$A3&"."&"*",Q:Q) -> 0 | S3: =SUMIF($A:$A,$A3&"."&"*",S:S) -> 0 | U3: =SUMIF($A:$A,$A3&"."&"*",U:U) -> 0 | W3: =SUMIF($A:$A,$A3&"."&"*",W:W) -> 0 | Y3: =SUMIF($A:$A,$A3&"."&"*",Y:Y) -> 0 | AA3: =SUMIF($A:$A,$A3&"."&"*",AA:AA) -> 0
A4: ='3. Faturamento Direto'!B18 -> 1.1.1 | B4: ='3. Faturamento Direto'!C18 -> 0 | C4: ='3. Faturamento Direto'!D18 -> 0 | D4: ='3. Faturamento Direto'!H18 -> #DIV/0! | E4: ='3. Faturamento Direto'!I18 -> 0 | F4: ='3. Faturamento Direto'!L18 -> 0 | G4: ='3. Faturamento Direto'!N18 -> #DIV/0! | H4: ='3. Faturamento Direto'!O18 -> 0 | I4: ='3. Faturamento Direto'!Q18 -> 0
A5: ='3. Faturamento Direto'!B19 -> 1.1.2 | B5: ='3. Faturamento Direto'!C19 -> 0 | C5: ='3. Faturamento Direto'!D19 -> 0 | D5: ='3. Faturamento Direto'!H19 -> #DIV/0! | E5: ='3. Faturamento Direto'!I19 -> 0 | F5: ='3. Faturamento Direto'!L19 -> 0 | G5: ='3. Faturamento Direto'!N19 -> #DIV/0! | H5: ='3. Faturamento Direto'!O19 -> 0 | I5: ='3. Faturamento Direto'!Q19 -> 0
A6: ='3. Faturamento Direto'!B20 -> 1.2 | B6: ='3. Faturamento Direto'!C20 -> 0 | C6: ='3. Faturamento Direto'!D20 -> 0 | D6: ='3. Faturamento Direto'!H20 -> #DIV/0! | E6: ='3. Faturamento Direto'!I20 -> 0 | F6: ='3. Faturamento Direto'!L20 -> 0 | G6: ='3. Faturamento Direto'!N20 -> 0 | H6: ='3. Faturamento Direto'!O20 -> 0 | I6: ='3. Faturamento Direto'!Q20 -> 0 | K6: =SUMIF($A:$A,$A6&"."&"*",K:K) -> 0 | M6: =SUMIF($A:$A,$A6&"."&"*",M:M) -> 0 | O6: =SUMIF($A:$A,$A6&"."&"*",O:O) -> 0 | Q6: =SUMIF($A:$A,$A6&"."&"*",Q:Q) -> 0 | S6: =SUMIF($A:$A,$A6&"."&"*",S:S) -> 0 | U6: =SUMIF($A:$A,$A6&"."&"*",U:U) -> 0 | W6: =SUMIF($A:$A,$A6&"."&"*",W:W) -> 0 | Y6: =SUMIF($A:$A,$A6&"."&"*",Y:Y) -> 0 | AA6: =SUMIF($A:$A,$A6&"."&"*",AA:AA) -> 0
A7: ='3. Faturamento Direto'!B21 -> 1.2.1 | B7: ='3. Faturamento Direto'!C21 -> 0 | C7: ='3. Faturamento Direto'!D21 -> 0 | D7: ='3. Faturamento Direto'!H21 -> #DIV/0! | E7: ='3. Faturamento Direto'!I21 -> 0 | F7: ='3. Faturamento Direto'!L21 -> 0 | G7: ='3. Faturamento Direto'!N21 -> #DIV/0! | H7: ='3. Faturamento Direto'!O21 -> 0 | I7: ='3. Faturamento Direto'!Q21 -> 0

Sheet DASHBOARD
AG4: ATUALIZADO EM:
AG5: =TODAY() -> 46168
E9: INDICADORES GERAIS
J13: 238807.07 | N13: ='2. Boletim de Medição'!I8 -> 169239.2 | R13: {=TEXT(LOOKUP(2,1/(Tabela573[EXECUTADO]<>""),Tabela573[EXECUTADO]),"#.##0,00")&" m²"} -> 56,00 m² | W13: ='1. Controle de Contrato'!J21 -> 251385.51 | AB13: =SUM('1. Controle de Contrato'!G21/'1. Controle de Contrato'!J5) -> 1 | AG13: =SUM(tbPrevisto!F11-tbPrevisto!C2) -> -6531.21 | AI13: m²
G15: ='1. Controle de Contrato'!J5 -> 270307 | AG15: =TEXT(AG13,"#.##0,00")&" m²" -> -6.531,21 m²
E19: |
P25: 123

Sheet 1. Controle de Contrato
C3: CONTROLE DO CONTRATO
C5: OBRA: | D5: BELLA VERONA | F5: CONTATO: | G5: GISVALDO | I5: VALOR CONTRATADO: | J5: =SUM(G24:G28) -> 270307 | M5: ADITIVO DE CONTRATO: | N5: =SUM(E15:E20) -> 0
C7: CONTRATADO: | D7: GIL REVEST | F7: TELEFONE: | I7: MÃO DE OBRA: | J7: =$J$5*K7 -> 270307 | K7: 1 | L7: 355991 | M7: MÃO DE OBRA: | N7: 0 | O7: =IFERROR(N7/N5,"")
C9: Nº DO CONTRATO: | D9: CTF/2681 | I9: FATURAMENTO DIRETO: | J9: =$J$5*K9 -> 0 | K9: 0 | L9: 0 | M9: FATURAMENTO DIRETO: | N9: =SUM(G15:G20) -> 0 | O9: =IFERROR(N9/N5,"")
C11: ATIVIDADE: | D11: M.O EXECUÇÃO PISO E AZULEJO | I11: RETENÇÃO CONTRATUAL: | J11: 0.07 | M11: RETENÇÃO CONTRATUAL: | N11: =J11 -> 0.07
C13: Controle de Aditivos Contratuais
C14: Nº do Aditivo | D14: Motivo | E14: Valor | F14: Mão de Obra | G14: Fat. Direto | H14: Observações
C15: 1.
C16: 2. | M16: 270307
C17: 3.
C18: 4.
C19: 5.
D21: RESUMO DO CONTRATO | G21: =SUM(G24:G1048576) -> 270307 | H21: =SUM(H24:H1048576) -> 0 | I21: =SUM(I24:I1048576) -> 18921.49 | J21: =IFERROR(G21-H21-I21,0) -> 251385.51 | K21: =(J7+N7)-G21 -> 0 | L21: =SUM(L24:L1048576) -> 0 | M21: =(J9+N9)-L21 -> 0 | N21: =SUM(N24:N1048576) -> 270307 | O21: =K21+M21 -> 0 | P21: =O21/$J$5 -> 0
C23: Nº Medição | D23: Período | E23: Data | F23: Nº NF | G23: Valor Medição | H23: Dedução Medição | I23: Retenção Medição | J23: Valor Medição Líquido | K23: Saldo Medição | L23: Faturamento Direto | M23: Saldo Faturamento Direto | N23: Total Pago | O23: Saldo Contratual | P23: Status
C24: 1 | D24: =IF(IFERROR(_xlfn.XLOOKUP(C24,'2. Boletim de Medição'!$10:$10,'2. Boletim de Medição'!$6:$6),"")>0,IFERROR(_xlfn.XLOOKUP(C24,'2. Boletim de Medição'!$10:$10,'2. Boletim de Medição'!$6:$6),""),"") -> 45931 | E24: =IF(IFERROR(_xlfn.XLOOKUP(C24,'2. Boletim de Medição'!$10:$10,'2. Boletim de Medição'!$7:$7),"")>0,IFERROR(_xlfn.XLOOKUP(C24,'2. Boletim de Medição'!$10:$10,'2. Boletim de Medição'!$7:$7),""),"") -> 45951 | G24: 35279 | H24: =IFERROR(_xlfn.XLOOKUP(C24,'2. Boletim de Medição'!$10:$10,'2. Boletim de Medição'!$34:$34),0) -> 0 | I24: =IFERROR(G24*$J$11,0) -> 2469.53 | J24: =IFERROR(G24-H24-I24,0) -> 32809.47 | K24: =IF(G24>0,(J7+N7)-G24,0) -> 235028 | L24: =IFERROR(_xlfn.XLOOKUP(C24,'3. Faturamento Direto'!$9:$9,'3. Faturamento Direto'!$13:$13),0) -> 0 | M24: =IF(L24>0,(J9+O9)-L24,0) -> 0 | N24: =G24+L24 -> 35279 | O24: =IF(N24>0,(J5+N5)-N24,0) -> 235028 | P24: =IF(O24>0,O24/$J$5,"") -> 0.86948544
C25: =C24+1 -> 2 | D25: =IF(IFERROR(_xlfn.XLOOKUP(C25,'2. Boletim de Medição'!$10:$10,'2. Boletim de Medição'!$6:$6),"")>0,IFERROR(_xlfn.XLOOKUP(C25,'2. Boletim de Medição'!$10:$10,'2. Boletim de Medição'!$6:$6),""),"") -> 45962 | E25: =IF(IFERROR(_xlfn.XLOOKUP(C25,'2. Boletim de Medição'!$10:$10,'2. Boletim de Medição'!$7:$7),"")>0,IFERROR(_xlfn.XLOOKUP(C25,'2. Boletim de Medição'!$10:$10,'2. Boletim de Medição'!$7:$7),""),"") -> 45985 | G25: 86562 | H25: =IFERROR(_xlfn.XLOOKUP(C25,'2. Boletim de Medição'!$10:$10,'2. Boletim de Medição'!$34:$34),0) -> 0 | I25: =IFERROR(G25*$J$11,0) -> 6059.34 | J25: =IFERROR(G25-H25-I25,0) -> 80502.66 | K25: =IF(G25>0,K24-G25,0) -> 148466 | L25: =IFERROR(_xlfn.XLOOKUP(C25,'3. Faturamento Direto'!$9:$9,'3. Faturamento Direto'!$13:$13),0) -> 0 | M25: =IF(L25>0,(J10+O10)-L25,0) -> 0 | N25: =G25+L25 -> 86562 | O25: =IF(N25>0,O24-N25,0) -> 148466 | P25: =IF(O25>0,O25/$J$5,"") -> 0.54924956
C26: =C25+1 -> 3 | D26: =IF(IFERROR(_xlfn.XLOOKUP(C26,'2. Boletim de Medição'!$10:$10,'2. Boletim de Medição'!$6:$6),"")>0,IFERROR(_xlfn.XLOOKUP(C26,'2. Boletim de Medição'!$10:$10,'2. Boletim de Medição'!$6:$6),""),"") -> 45992 | E26: =IF(IFERROR(_xlfn.XLOOKUP(C26,'2. Boletim de Medição'!$10:$10,'2. Boletim de Medição'!$7:$7),"")>0,IFERROR(_xlfn.XLOOKUP(C26,'2. Boletim de Medição'!$10:$10,'2. Boletim de Medição'!$7:$7),""),"") -> 46014 | G26: 15906 | H26: =IFERROR(_xlfn.XLOOKUP(C26,'2. Boletim de Medição'!$10:$10,'2. Boletim de Medição'!$34:$34),0) -> 0 | I26: =IFERROR(G26*$J$11,0) -> 1113.42 | J26: =IFERROR(G26-H26-I26,0) -> 14792.58 | K26: =IF(G26>0,K25-G26,0) -> 132560 | L26: =IFERROR(_xlfn.XLOOKUP(C26,'3. Faturamento Direto'!$9:$9,'3. Faturamento Direto'!$13:$13),0) -> 0 | M26: =IF(L26>0,(J11+O11)-L26,0) -> 0 | N26: =G26+L26 -> 15906 | O26: =IF(N26>0,O25-N26,0) -> 132560 | P26: =IF(O26>0,O26/$J$5,"") -> 0.49040535
C27: =C26+1 -> 4 | D27: =IF(IFERROR(_xlfn.XLOOKUP(C27,'2. Boletim de Medição'!$10:$10,'2. Boletim de Medição'!$6:$6),"")>0,IFERROR(_xlfn.XLOOKUP(C27,'2. Boletim de Medição'!$10:$10,'2. Boletim de Medição'!$6:$6),""),"") -> 46113 | E27: =IF(IFERROR(_xlfn.XLOOKUP(C27,'2. Boletim de Medição'!$10:$10,'2. Boletim de Medição'!$7:$7),"")>0,IFERROR(_xlfn.XLOOKUP(C27,'2. Boletim de Medição'!$10:$10,'2. Boletim de Medição'!$7:$7),""),"") -> 46134 | G27: 92751 | H27: =IFERROR(_xlfn.XLOOKUP(C27,'2. Boletim de Medição'!$10:$10,'2. Boletim de Medição'!$34:$34),0) -> 0 | I27: =IFERROR(G27*$J$11,0) -> 6492.57 | J27: =IFERROR(G27-H27-I27,0) -> 86258.43 | K27: =IF(G27>0,K26-G27,0) -> 39809 | L27: =IFERROR(_xlfn.XLOOKUP(C27,'3. Faturamento Direto'!$9:$9,'3. Faturamento Direto'!$13:$13),0) -> 0 | M27: =IF(L27>0,(J12+O12)-L27,0) -> 0 | N27: =G27+L27 -> 92751 | O27: =IF(N27>0,O26-N27,0) -> 39809 | P27: =IF(O27>0,O27/$J$5,"") -> 0.14727329
C28: =C27+1 -> 5 | D28: =IF(IFERROR(_xlfn.XLOOKUP(C28,'2. Boletim de Medição'!$10:$10,'2. Boletim de Medição'!$6:$6),"")>0,IFERROR(_xlfn.XLOOKUP(C28,'2. Boletim de Medição'!$10:$10,'2. Boletim de Medição'!$6:$6),""),"") -> 46113 | E28: =IF(IFERROR(_xlfn.XLOOKUP(C28,'2. Boletim de Medição'!$10:$10,'2. Boletim de Medição'!$7:$7),"")>0,IFERROR(_xlfn.XLOOKUP(C28,'2. Boletim de Medição'!$10:$10,'2. Boletim de Medição'!$7:$7),""),"") -> 46139 | G28: 39809 | H28: =IFERROR(_xlfn.XLOOKUP(C28,'2. Boletim de Medição'!$10:$10,'2. Boletim de Medição'!$34:$34),0) -> 0 | I28: =IFERROR(G28*$J$11,0) -> 2786.63 | J28: =IFERROR(G28-H28-I28,0) -> 37022.37 | K28: =IF(G28>0,K27-G28,0) -> 0 | L28: =IFERROR(_xlfn.XLOOKUP(C28,'3. Faturamento Direto'!$9:$9,'3. Faturamento Direto'!$13:$13),0) -> 0 | M28: =IF(L28>0,(J13+O13)-L28,0) -> 0 | N28: =G28+L28 -> 39809 | O28: =IF(N28>0,O27-N28,0) -> 0 | P28: =IF(O28>0,O28/$J$5,"") | R28: Desconto Limpeza
C29: =C28+1 -> 6 | D29: =IF(IFERROR(_xlfn.XLOOKUP(C29,'2. Boletim de Medição'!$10:$10,'2. Boletim de Medição'!$6:$6),"")>0,IFERROR(_xlfn.XLOOKUP(C29,'2. Boletim de Medição'!$10:$10,'2. Boletim de Medição'!$6:$6),""),"") | E29: =IF(IFERROR(_xlfn.XLOOKUP(C29,'2. Boletim de Medição'!$10:$10,'2. Boletim de Medição'!$7:$7),"")>0,IFERROR(_xlfn.XLOOKUP(C29,'2. Boletim de Medição'!$10:$10,'2. Boletim de Medição'!$7:$7),""),"") | G29: =IFERROR(_xlfn.XLOOKUP(C29,'2. Boletim de Medição'!$10:$10,'2. Boletim de Medição'!$13:$13),0) -> 0 | H29: =IFERROR(_xlfn.XLOOKUP(C29,'2. Boletim de Medição'!$10:$10,'2. Boletim de Medição'!$34:$34),0) -> 0 | I29: =IFERROR(G29*$J$11,0) -> 0 | J29: =IFERROR(G29-H29-I29,0) -> 0 | K29: =IF(G29>0,K28-G29,0) -> 0 | L29: =IFERROR(_xlfn.XLOOKUP(C29,'3. Faturamento Direto'!$9:$9,'3. Faturamento Direto'!$13:$13),0) -> 0 | M29: =IF(L29>0,(J14+O14)-L29,0) -> 0 | N29: =G29+L29 -> 0 | O29: =IF(N29>0,O28-N29,0) -> 0 | P29: =IF(O29>0,O29/$J$5,"")
C30: =C29+1 -> 7 | D30: =IF(IFERROR(_xlfn.XLOOKUP(C30,'2. Boletim de Medição'!$10:$10,'2. Boletim de Medição'!$6:$6),"")>0,IFERROR(_xlfn.XLOOKUP(C30,'2. Boletim de Medição'!$10:$10,'2. Boletim de Medição'!$6:$6),""),"") | E30: =IF(IFERROR(_xlfn.XLOOKUP(C30,'2. Boletim de Medição'!$10:$10,'2. Boletim de Medição'!$7:$7),"")>0,IFERROR(_xlfn.XLOOKUP(C30,'2. Boletim de Medição'!$10:$10,'2. Boletim de Medição'!$7:$7),""),"") | G30: =IFERROR(_xlfn.XLOOKUP(C30,'2. Boletim de Medição'!$10:$10,'2. Boletim de Medição'!$13:$13),0) -> 0 | H30: =IFERROR(_xlfn.XLOOKUP(C30,'2. Boletim de Medição'!$10:$10,'2. Boletim de Medição'!$34:$34),0) -> 0 | I30: =IFERROR(G30*$J$11,0) -> 0 | J30: =IFERROR(G30-H30-I30,0) -> 0 | K30: =IF(G30>0,K29-G30,0) -> 0 | L30: =IFERROR(_xlfn.XLOOKUP(C30,'3. Faturamento Direto'!$9:$9,'3. Faturamento Direto'!$13:$13),0) -> 0 | M30: =IF(L30>0,(J15+O15)-L30,0) -> 0 | N30: =G30+L30 -> 0 | O30: =IF(N30>0,O29-N30,0) -> 0 | P30: =IF(O30>0,O30/$J$5,"")
C31: =C30+1 -> 8 | D31: =IF(IFERROR(_xlfn.XLOOKUP(C31,'2. Boletim de Medição'!$10:$10,'2. Boletim de Medição'!$6:$6),"")>0,IFERROR(_xlfn.XLOOKUP(C31,'2. Boletim de Medição'!$10:$10,'2. Boletim de Medição'!$6:$6),""),"") | E31: =IF(IFERROR(_xlfn.XLOOKUP(C31,'2. Boletim de Medição'!$10:$10,'2. Boletim de Medição'!$7:$7),"")>0,IFERROR(_xlfn.XLOOKUP(C31,'2. Boletim de Medição'!$10:$10,'2. Boletim de Medição'!$7:$7),""),"") | G31: =IFERROR(_xlfn.XLOOKUP(C31,'2. Boletim de Medição'!$10:$10,'2. Boletim de Medição'!$13:$13),0) -> 0 | H31: =IFERROR(_xlfn.XLOOKUP(C31,'2. Boletim de Medição'!$10:$10,'2. Boletim de Medição'!$34:$34),0) -> 0 | I31: =IFERROR(G31*$J$11,0) -> 0 | J31: =IFERROR(G31-H31-I31,0) -> 0 | K31: =IF(G31>0,K30-G31,0) -> 0 | L31: =IFERROR(_xlfn.XLOOKUP(C31,'3. Faturamento Direto'!$9:$9,'3. Faturamento Direto'!$13:$13),0) -> 0 | M31: =IF(L31>0,(J16+O16)-L31,0) -> 0 | N31: =G31+L31 -> 0 | O31: =IF(N31>0,O30-N31,0) -> 0 | P31: =IF(O31>0,O31/$J$5,"")
C32: =C31+1 -> 9 | D32: =IF(IFERROR(_xlfn.XLOOKUP(C32,'2. Boletim de Medição'!$10:$10,'2. Boletim de Medição'!$6:$6),"")>0,IFERROR(_xlfn.XLOOKUP(C32,'2. Boletim de Medição'!$10:$10,'2. Boletim de Medição'!$6:$6),""),"") | E32: =IF(IFERROR(_xlfn.XLOOKUP(C32,'2. Boletim de Medição'!$10:$10,'2. Boletim de Medição'!$7:$7),"")>0,IFERROR(_xlfn.XLOOKUP(C32,'2. Boletim de Medição'!$10:$10,'2. Boletim de Medição'!$7:$7),""),"") | G32: =IFERROR(_xlfn.XLOOKUP(C32,'2. Boletim de Medição'!$10:$10,'2. Boletim de Medição'!$13:$13),0) -> 0 | H32: =IFERROR(_xlfn.XLOOKUP(C32,'2. Boletim de Medição'!$10:$10,'2. Boletim de Medição'!$34:$34),0) -> 0 | I32: =IFERROR(G32*$J$11,0) -> 0 | J32: =IFERROR(G32-H32-I32,0) -> 0 | K32: =IF(G32>0,K31-G32,0) -> 0 | L32: =IFERROR(_xlfn.XLOOKUP(C32,'3. Faturamento Direto'!$9:$9,'3. Faturamento Direto'!$13:$13),0) -> 0 | M32: =IF(L32>0,M31-L32,0) -> 0 | N32: =G32+L32 -> 0 | O32: =IF(N32>0,O31-N32,0) -> 0 | P32: =IF(O32>0,O32/$J$5,"")
C33: =C32+1 -> 10 | D33: =IF(IFERROR(_xlfn.XLOOKUP(C33,'2. Boletim de Medição'!$10:$10,'2. Boletim de Medição'!$6:$6),"")>0,IFERROR(_xlfn.XLOOKUP(C33,'2. Boletim de Medição'!$10:$10,'2. Boletim de Medição'!$6:$6),""),"") | E33: =IF(IFERROR(_xlfn.XLOOKUP(C33,'2. Boletim de Medição'!$10:$10,'2. Boletim de Medição'!$7:$7),"")>0,IFERROR(_xlfn.XLOOKUP(C33,'2. Boletim de Medição'!$10:$10,'2. Boletim de Medição'!$7:$7),""),"") | G33: =IFERROR(_xlfn.XLOOKUP(C33,'2. Boletim de Medição'!$10:$10,'2. Boletim de Medição'!$13:$13),0) -> 0 | H33: =IFERROR(_xlfn.XLOOKUP(C33,'2. Boletim de Medição'!$10:$10,'2. Boletim de Medição'!$34:$34),0) -> 0 | I33: =IFERROR(G33*$J$11,0) -> 0 | J33: =IFERROR(G33-H33-I33,0) -> 0 | K33: =IF(G33>0,K32-G33,0) -> 0 | L33: =IFERROR(_xlfn.XLOOKUP(C33,'3. Faturamento Direto'!$9:$9,'3. Faturamento Direto'!$13:$13),0) -> 0 | M33: =IF(L33>0,M32-L33,0) -> 0 | N33: =G33+L33 -> 0 | O33: =IF(N33>0,O32-N33,0) -> 0 | P33: =IF(O33>0,O33/$J$5,"")
C34: =C33+1 -> 11 | D34: =IF(IFERROR(_xlfn.XLOOKUP(C34,'2. Boletim de Medição'!$10:$10,'2. Boletim de Medição'!$6:$6),"")>0,IFERROR(_xlfn.XLOOKUP(C34,'2. Boletim de Medição'!$10:$10,'2. Boletim de Medição'!$6:$6),""),"") | E34: =IF(IFERROR(_xlfn.XLOOKUP(C34,'2. Boletim de Medição'!$10:$10,'2. Boletim de Medição'!$7:$7),"")>0,IFERROR(_xlfn.XLOOKUP(C34,'2. Boletim de Medição'!$10:$10,'2. Boletim de Medição'!$7:$7),""),"") | G34: =IFERROR(_xlfn.XLOOKUP(C34,'2. Boletim de Medição'!$10:$10,'2. Boletim de Medição'!$13:$13),0) -> 0 | H34: =IFERROR(_xlfn.XLOOKUP(C34,'2. Boletim de Medição'!$10:$10,'2. Boletim de Medição'!$34:$34),0) -> 0 | I34: =IFERROR(G34*$J$11,0) -> 0 | J34: =IFERROR(G34-H34-I34,0) -> 0 | K34: =IF(G34>0,K33-G34,0) -> 0 | L34: =IFERROR(_xlfn.XLOOKUP(C34,'3. Faturamento Direto'!$9:$9,'3. Faturamento Direto'!$13:$13),0) -> 0 | M34: =IF(L34>0,M33-L34,0) -> 0 | N34: =G34+L34 -> 0 | O34: =IF(N34>0,O33-N34,0) -> 0 | P34: =IF(O34>0,O34/$J$5,"")
C35: =C34+1 -> 12 | D35: =IF(IFERROR(_xlfn.XLOOKUP(C35,'2. Boletim de Medição'!$10:$10,'2. Boletim de Medição'!$6:$6),"")>0,IFERROR(_xlfn.XLOOKUP(C35,'2. Boletim de Medição'!$10:$10,'2. Boletim de Medição'!$6:$6),""),"") | E35: =IF(IFERROR(_xlfn.XLOOKUP(C35,'2. Boletim de Medição'!$10:$10,'2. Boletim de Medição'!$7:$7),"")>0,IFERROR(_xlfn.XLOOKUP(C35,'2. Boletim de Medição'!$10:$10,'2. Boletim de Medição'!$7:$7),""),"") | G35: =IFERROR(_xlfn.XLOOKUP(C35,'2. Boletim de Medição'!$10:$10,'2. Boletim de Medição'!$13:$13),0) -> 0 | H35: =IFERROR(_xlfn.XLOOKUP(C35,'2. Boletim de Medição'!$10:$10,'2. Boletim de Medição'!$34:$34),0) -> 0 | I35: =IFERROR(G35*$J$11,0) -> 0 | J35: =IFERROR(G35-H35-I35,0) -> 0 | K35: =IF(G35>0,K34-G35,0) -> 0 | L35: =IFERROR(_xlfn.XLOOKUP(C35,'3. Faturamento Direto'!$9:$9,'3. Faturamento Direto'!$13:$13),0) -> 0 | M35: =IF(L35>0,M34-L35,0) -> 0 | N35: =G35+L35 -> 0 | O35: =IF(N35>0,O34-N35,0) -> 0 | P35: =IF(O35>0,O35/$J$5,"")
C36: =C35+1 -> 13 | D36: =IF(IFERROR(_xlfn.XLOOKUP(C36,'2. Boletim de Medição'!$10:$10,'2. Boletim de Medição'!$6:$6),"")>0,IFERROR(_xlfn.XLOOKUP(C36,'2. Boletim de Medição'!$10:$10,'2. Boletim de Medição'!$6:$6),""),"") | E36: =IF(IFERROR(_xlfn.XLOOKUP(C36,'2. Boletim de Medição'!$10:$10,'2. Boletim de Medição'!$7:$7),"")>0,IFERROR(_xlfn.XLOOKUP(C36,'2. Boletim de Medição'!$10:$10,'2. Boletim de Medição'!$7:$7),""),"") | G36: =IFERROR(_xlfn.XLOOKUP(C36,'2. Boletim de Medição'!$10:$10,'2. Boletim de Medição'!$13:$13),0) -> 0 | H36: =IFERROR(_xlfn.XLOOKUP(C36,'2. Boletim de Medição'!$10:$10,'2. Boletim de Medição'!$34:$34),0) -> 0 | I36: =IFERROR(G36*$J$11,0) -> 0 | J36: =IFERROR(G36-H36-I36,0) -> 0 | K36: =IF(G36>0,K35-G36,0) -> 0 | L36: =IFERROR(_xlfn.XLOOKUP(C36,'3. Faturamento Direto'!$9:$9,'3. Faturamento Direto'!$13:$13),0) -> 0 | M36: =IF(L36>0,M35-L36,0) -> 0 | N36: =G36+L36 -> 0 | O36: =IF(N36>0,O35-N36,0) -> 0 | P36: =IF(O36>0,O36/$J$5,"")
C37: =C36+1 -> 14 | D37: =IF(IFERROR(_xlfn.XLOOKUP(C37,'2. Boletim de Medição'!$10:$10,'2. Boletim de Medição'!$6:$6),"")>0,IFERROR(_xlfn.XLOOKUP(C37,'2. Boletim de Medição'!$10:$10,'2. Boletim de Medição'!$6:$6),""),"") | E37: =IF(IFERROR(_xlfn.XLOOKUP(C37,'2. Boletim de Medição'!$10:$10,'2. Boletim de Medição'!$7:$7),"")>0,IFERROR(_xlfn.XLOOKUP(C37,'2. Boletim de Medição'!$10:$10,'2. Boletim de Medição'!$7:$7),""),"") | G37: =IFERROR(_xlfn.XLOOKUP(C37,'2. Boletim de Medição'!$10:$10,'2. Boletim de Medição'!$13:$13),0) -> 0 | H37: =IFERROR(_xlfn.XLOOKUP(C37,'2. Boletim de Medição'!$10:$10,'2. Boletim de Medição'!$34:$34),0) -> 0 | I37: =IFERROR(G37*$J$11,0) -> 0 | J37: =IFERROR(G37-H37-I37,0) -> 0 | K37: =IF(G37>0,K36-G37,0) -> 0 | L37: =IFERROR(_xlfn.XLOOKUP(C37,'3. Faturamento Direto'!$9:$9,'3. Faturamento Direto'!$13:$13),0) -> 0 | M37: =IF(L37>0,M36-L37,0) -> 0 | N37: =G37+L37 -> 0 | O37: =IF(N37>0,O36-N37,0) -> 0 | P37: =IF(O37>0,O37/$J$5,"")
C38: =C37+1 -> 15 | D38: =IF(IFERROR(_xlfn.XLOOKUP(C38,'2. Boletim de Medição'!$10:$10,'2. Boletim de Medição'!$6:$6),"")>0,IFERROR(_xlfn.XLOOKUP(C38,'2. Boletim de Medição'!$10:$10,'2. Boletim de Medição'!$6:$6),""),"") | E38: =IF(IFERROR(_xlfn.XLOOKUP(C38,'2. Boletim de Medição'!$10:$10,'2. Boletim de Medição'!$7:$7),"")>0,IFERROR(_xlfn.XLOOKUP(C38,'2. Boletim de Medição'!$10:$10,'2. Boletim de Medição'!$7:$7),""),"") | G38: =IFERROR(_xlfn.XLOOKUP(C38,'2. Boletim de Medição'!$10:$10,'2. Boletim de Medição'!$13:$13),0) -> 0 | H38: =IFERROR(_xlfn.XLOOKUP(C38,'2. Boletim de Medição'!$10:$10,'2. Boletim de Medição'!$34:$34),0) -> 0 | I38: =IFERROR(G38*$J$11,0) -> 0 | J38: =IFERROR(G38-H38-I38,0) -> 0 | K38: =IF(G38>0,K37-G38,0) -> 0 | L38: =IFERROR(_xlfn.XLOOKUP(C38,'3. Faturamento Direto'!$9:$9,'3. Faturamento Direto'!$13:$13),0) -> 0 | M38: =IF(L38>0,M37-L38,0) -> 0 | N38: =G38+L38 -> 0 | O38: =IF(N38>0,O37-N38,0) -> 0 | P38: =IF(O38>0,O38/$J$5,"")
C39: =C38+1 -> 16 | D39: =IF(IFERROR(_xlfn.XLOOKUP(C39,'2. Boletim de Medição'!$10:$10,'2. Boletim de Medição'!$6:$6),"")>0,IFERROR(_xlfn.XLOOKUP(C39,'2. Boletim de Medição'!$10:$10,'2. Boletim de Medição'!$6:$6),""),"") | E39: =IF(IFERROR(_xlfn.XLOOKUP(C39,'2. Boletim de Medição'!$10:$10,'2. Boletim de Medição'!$7:$7),"")>0,IFERROR(_xlfn.XLOOKUP(C39,'2. Boletim de Medição'!$10:$10,'2. Boletim de Medição'!$7:$7),""),"") | G39: =IFERROR(_xlfn.XLOOKUP(C39,'2. Boletim de Medição'!$10:$10,'2. Boletim de Medição'!$13:$13),0) -> 0 | H39: =IFERROR(_xlfn.XLOOKUP(C39,'2. Boletim de Medição'!$10:$10,'2. Boletim de Medição'!$34:$34),0) -> 0 | I39: =IFERROR(G39*$J$11,0) -> 0 | J39: =IFERROR(G39-H39-I39,0) -> 0 | K39: =IF(G39>0,K38-G39,0) -> 0 | L39: =IFERROR(_xlfn.XLOOKUP(C39,'3. Faturamento Direto'!$9:$9,'3. Faturamento Direto'!$13:$13),0) -> 0 | M39: =IF(L39>0,M38-L39,0) -> 0 | N39: =G39+L39 -> 0 | O39: =IF(N39>0,O38-N39,0) -> 0 | P39: =IF(O39>0,O39/$J$5,"")
C40: =C39+1 -> 17 | D40: =IF(IFERROR(_xlfn.XLOOKUP(C40,'2. Boletim de Medição'!$10:$10,'2. Boletim de Medição'!$6:$6),"")>0,IFERROR(_xlfn.XLOOKUP(C40,'2. Boletim de Medição'!$10:$10,'2. Boletim de Medição'!$6:$6),""),"") | E40: =IF(IFERROR(_xlfn.XLOOKUP(C40,'2. Boletim de Medição'!$10:$10,'2. Boletim de Medição'!$7:$7),"")>0,IFERROR(_xlfn.XLOOKUP(C40,'2. Boletim de Medição'!$10:$10,'2. Boletim de Medição'!$7:$7),""),"") | G40: =IFERROR(_xlfn.XLOOKUP(C40,'2. Boletim de Medição'!$10:$10,'2. Boletim de Medição'!$13:$13),0) -> 0 | H40: =IFERROR(_xlfn.XLOOKUP(C40,'2. Boletim de Medição'!$10:$10,'2. Boletim de Medição'!$34:$34),0) -> 0 | I40: =IFERROR(G40*$J$11,0) -> 0 | J40: =IFERROR(G40-H40-I40,0) -> 0 | K40: =IF(G40>0,K39-G40,0) -> 0 | L40: =IFERROR(_xlfn.XLOOKUP(C40,'3. Faturamento Direto'!$9:$9,'3. Faturamento Direto'!$13:$13),0) -> 0 | M40: =IF(L40>0,M39-L40,0) -> 0 | N40: =G40+L40 -> 0 | O40: =IF(N40>0,O39-N40,0) -> 0 | P40: =IF(O40>0,O40/$J$5,"")
C41: =C40+1 -> 18 | D41: =IF(IFERROR(_xlfn.XLOOKUP(C41,'2. Boletim de Medição'!$10:$10,'2. Boletim de Medição'!$6:$6),"")>0,IFERROR(_xlfn.XLOOKUP(C41,'2. Boletim de Medição'!$10:$10,'2. Boletim de Medição'!$6:$6),""),"") | E41: =IF(IFERROR(_xlfn.XLOOKUP(C41,'2. Boletim de Medição'!$10:$10,'2. Boletim de Medição'!$7:$7),"")>0,IFERROR(_xlfn.XLOOKUP(C41,'2. Boletim de Medição'!$10:$10,'2. Boletim de Medição'!$7:$7),""),"") | G41: =IFERROR(_xlfn.XLOOKUP(C41,'2. Boletim de Medição'!$10:$10,'2. Boletim de Medição'!$13:$13),0) -> 0 | H41: =IFERROR(_xlfn.XLOOKUP(C41,'2. Boletim de Medição'!$10:$10,'2. Boletim de Medição'!$34:$34),0) -> 0 | I41: =IFERROR(G41*$J$11,0) -> 0 | J41: =IFERROR(G41-H41-I41,0) -> 0 | K41: =IF(G41>0,K40-G41,0) -> 0 | L41: =IFERROR(_xlfn.XLOOKUP(C41,'3. Faturamento Direto'!$9:$9,'3. Faturamento Direto'!$13:$13),0) -> 0 | M41: =IF(L41>0,M40-L41,0) -> 0 | N41: =G41+L41 -> 0 | O41: =IF(N41>0,O40-N41,0) -> 0 | P41: =IF(O41>0,O41/$J$5,"")
C42: =C41+1 -> 19 | D42: =IF(IFERROR(_xlfn.XLOOKUP(C42,'2. Boletim de Medição'!$10:$10,'2. Boletim de Medição'!$6:$6),"")>0,IFERROR(_xlfn.XLOOKUP(C42,'2. Boletim de Medição'!$10:$10,'2. Boletim de Medição'!$6:$6),""),"") | E42: =IF(IFERROR(_xlfn.XLOOKUP(C42,'2. Boletim de Medição'!$10:$10,'2. Boletim de Medição'!$7:$7),"")>0,IFERROR(_xlfn.XLOOKUP(C42,'2. Boletim de Medição'!$10:$10,'2. Boletim de Medição'!$7:$7),""),"") | G42: =IFERROR(_xlfn.XLOOKUP(C42,'2. Boletim de Medição'!$10:$10,'2. Boletim de Medição'!$13:$13),0) -> 0 | H42: =IFERROR(_xlfn.XLOOKUP(C42,'2. Boletim de Medição'!$10:$10,'2. Boletim de Medição'!$34:$34),0) -> 0 | I42: =IFERROR(G42*$J$11,0) -> 0 | J42: =IFERROR(G42-H42-I42,0) -> 0 | K42: =IF(G42>0,K41-G42,0) -> 0 | L42: =IFERROR(_xlfn.XLOOKUP(C42,'3. Faturamento Direto'!$9:$9,'3. Faturamento Direto'!$13:$13),0) -> 0 | M42: =IF(L42>0,M41-L42,0) -> 0 | N42: =G42+L42 -> 0 | O42: =IF(N42>0,O41-N42,0) -> 0 | P42: =IF(O42>0,O42/$J$5,"")
C43: =C42+1 -> 20 | D43: =IF(IFERROR(_xlfn.XLOOKUP(C43,'2. Boletim de Medição'!$10:$10,'2. Boletim de Medição'!$6:$6),"")>0,IFERROR(_xlfn.XLOOKUP(C43,'2. Boletim de Medição'!$10:$10,'2. Boletim de Medição'!$6:$6),""),"") | E43: =IF(IFERROR(_xlfn.XLOOKUP(C43,'2. Boletim de Medição'!$10:$10,'2. Boletim de Medição'!$7:$7),"")>0,IFERROR(_xlfn.XLOOKUP(C43,'2. Boletim de Medição'!$10:$10,'2. Boletim de Medição'!$7:$7),""),"") | G43: =IFERROR(_xlfn.XLOOKUP(C43,'2. Boletim de Medição'!$10:$10,'2. Boletim de Medição'!$13:$13),0) -> 0 | H43: =IFERROR(_xlfn.XLOOKUP(C43,'2. Boletim de Medição'!$10:$10,'2. Boletim de Medição'!$34:$34),0) -> 0 | I43: =IFERROR(G43*$J$11,0) -> 0 | J43: =IFERROR(G43-H43-I43,0) -> 0 | K43: =IF(G43>0,K42-G43,0) -> 0 | L43: =IFERROR(_xlfn.XLOOKUP(C43,'3. Faturamento Direto'!$9:$9,'3. Faturamento Direto'!$13:$13),0) -> 0 | M43: =IF(L43>0,M42-L43,0) -> 0 | N43: =G43+L43 -> 0 | O43: =IF(N43>0,O42-N43,0) -> 0 | P43: =IF(O43>0,O43/$J$5,"")
... C59: =C58+1 -> 36 | D59: =IF(IFERROR(_xlfn.XLOOKUP(C59,'2. Boletim de Medição'!$10:$10,'2. Boletim de Medição'!$6:$6),"")>0,IFERROR(_xlfn.XLOOKUP(C59,'2. Boletim de Medição'!$10:$10,'2. Boletim de Medição'!$6:$6),""),"") | E59: =IF(IFERROR(_xlfn.XLOOKUP(C59,'2. Boletim de Medição'!$10:$10,'2. Boletim de Medição'!$7:$7),"")>0,IFERROR(_xlfn.XLOOKUP(C59,'2. Boletim de Medição'!$10:$10,'2. Boletim de Medição'!$7:$7),""),"") | G59: =IFERROR(_xlfn.XLOOKUP(C59,'2. Boletim de Medição'!$10:$10,'2. Boletim de Medição'!$13:$13),0) -> 0 | H59: =IFERROR(_xlfn.XLOOKUP(C59,'2. Boletim de Medição'!$10:$10,'2. Boletim de Medição'!$34:$34),0) -> 0 | I59: =IFERROR(G59*$J$11,0) -> 0 | J59: =IFERROR(G59-H59-I59,0) -> 0 | K59: =IF(G59>0,K58-G59,0) -> 0 | L59: =IFERROR(_xlfn.XLOOKUP(C59,'3. Faturamento Direto'!$9:$9,'3. Faturamento Direto'!$13:$13),0) -> 0 | M59: =IF(L59>0,M58-L59,0) -> 0 | N59: =G59+L59 -> 0 | O59: =IF(N59>0,O58-N59,0) -> 0 | P59: =IF(O59>0,O59/$J$5,"")

Sheet 2. Boletim de Medição
AD1: P
B2: BOLETIM DE MEDIÇÃO - GIL REVEST
C5: OBRA: | D5: BELLA VERONA | F5: RETENÇÃO CONTRATUAL | I5: ='1. Controle de Contrato'!$J$11 -> 0.07
C6: CONTRATADO: | D6: ='1. Controle de Contrato'!D7 -> GIL REVEST | F6: VALOR TOTAL | I6: ='1. Controle de Contrato'!J5 -> 270307 | S6: Período | T6: 45931 | V6: Período | W6: 45962 | Z6: Período | AA6: 45992 | AC6: Período | AD6: 46113 | AF6: Período | AG6: 46113 | AI6: Período | AL6: Período | AO6: Período | AR6: Período | AU6: Período
C7: Nº DO CONTRATO: | D7: ='1. Controle de Contrato'!D9 -> CTF/2681 | F7: MEDIDO ACUMULADO | I7: =M13 -> 101067.8 | S7: Data | T7: 45951 | V7: Data | W7: 45985 | Z7: Data | AA7: 46014 | AC7: Data | AD7: 46134 | AF7: Data | AG7: 46139 | AI7: Data | AL7: Data | AO7: Data | AR7: Data | AU7: Data
C8: ATIVIDADE: | D8: ='1. Controle de Contrato'!D11 -> M.O EXECUÇÃO PISO E AZULEJO | F8: SALDO DISPONÍVEL | I8: =$I$6-$I$7 -> 169239.2 | T8: =S9 -> 1 | W8: =V9 -> 2 | AA8: =Z9 -> 3 | AD8: =AC9 -> 4 | AG8: =AF9 -> 5 | AJ8: =AI9 -> 6 | AM8: =AL9 -> 7 | AP8: =AO9 -> 8 | AS8: =AR9 -> 9 | AV8: =AU9 -> 10
L9: TOTAL MEDIDO | O9: SALDO | S9: 1 | V9: =S9+1 -> 2 | Z9: =V9+1 -> 3 | AC9: =Z9+1 -> 4 | AF9: =AC9+1 -> 5 | AI9: =AF9+1 -> 6 | AL9: =AI9+1 -> 7 | AO9: =AL9+1 -> 8 | AR9: =AO9+1 -> 9 | AU9: =AR9+1 -> 10
T10: =S9 -> 1 | W10: =V9 -> 2 | AA10: =Z9 -> 3 | AD10: =AC9 -> 4 | AG10: =AF9 -> 5 | AJ10: =AI9 -> 6 | AM10: =AL9 -> 7 | AP10: =AO9 -> 8 | AS10: =AR9 -> 9 | AV10: =AU9 -> 10
B11: ITEM | C11: CÓDIGO TAREFA | D11: DESCRIÇÃO DO ITEM | E11: UNIDADE | F11: QUANTIDADE | G11: UNITÁRIO | H11: PESO | I11: TOTAL | L11: QUANTIDADE | M11: VALOR | O11: QUANTIDADE | Q11: VALOR | S11: QUANTIDADE | T11: VALOR | V11: QUANTIDADE | W11: VALOR | Z11: QUANTIDADE | AA11: VALOR | AC11: QUANTIDADE | AD11: VALOR | AF11: QUANTIDADE | AG11: VALOR | AI11: QUANTIDADE | AJ11: VALOR | AL11: QUANTIDADE | AM11: VALOR | AO11: QUANTIDADE | AP11: VALOR | AR11: QUANTIDADE | AS11: VALOR | AU11: QUANTIDADE | AV11: VALOR
D13: VALOR TOTAL | H13: =SUMIF($B:$B,">0",H:H) -> 1 | I13: =SUMIF($B:$B,">0",I:I) -> 213840 | M13: =SUMIF($B:$B,">0",M:M) -> 101067.8 | Q13: =SUMIF($B:$B,">0",Q:Q) -> 112772.2 | T13: =SUMIF($B:$B,">0",T:T) -> 42170 | W13: =SUMIF($B:$B,">0",W:W) -> 27310 | AA13: =SUMIF($B:$B,">0",AA:AA) -> 14285 | AD13: =SUMIF($B:$B,">0",AD:AD) -> 15902.8 | AG13: =SUMIF($B:$B,">0",AG:AG) -> 1400 | AJ13: =SUMIF($B:$B,">0",AJ:AJ) -> 0 | AM13: =SUMIF($B:$B,">0",AM:AM) -> 0 | AP13: =SUMIF($B:$B,">0",AP:AP) -> 0 | AS13: =SUMIF($B:$B,">0",AS:AS) -> #REF! | AV13: =SUMIF($B:$B,">0",AV:AV) -> 0
B15: 1 | D15: TOTAL CONTRATADO | H15: =SUMIF($B:$B,$B15&"."&"?",H:H) -> 1 | I15: =SUMIF($B:$B,$B15&"."&"?",I:I) -> 213840 | M15: =SUMIF($B:$B,$B15&"."&"?",M:M) -> 101067.8 | Q15: =SUMIF($B:$B,$B15&"."&"?",Q:Q) -> 112772.2 | T15: =SUMIF($B:$B,$B15&"."&"?",T:T) -> 42170 | W15: =SUMIF($B:$B,$B15&"."&"?",W:W) -> 27310 | AA15: =SUMIF($B:$B,$B15&"."&"?",AA:AA) -> 14285 | AD15: =SUMIF($B:$B,$B15&"."&"?",AD:AD) -> 15902.8 | AG15: =SUMIF($B:$B,$B15&"."&"?",AG:AG) -> 1400 | AJ15: =SUMIF($B:$B,$B15&"."&"?",AJ:AJ) -> 0 | AM15: =SUMIF($B:$B,$B15&"."&"?",AM:AM) -> 0 | AP15: =SUMIF($B:$B,$B15&"."&"?",AP:AP) -> 0 | AS15: =SUMIF($B:$B,$B15&"."&"?",AS:AS) -> #REF! | AV15: =SUMIF($B:$B,$B15&"."&"?",AV:AV) -> 0
B17: 1.1 | D17: INSTALAÇÕES ELÉTRICAS | H17: =SUMIF($B:$B,$B17&"."&"*",H:H) -> 1 | I17: =SUMIF($B:$B,$B17&"."&"*",I:I) -> 213840 | M17: =SUM(M18:M22) -> 101067.8 | Q17: =SUM(Q18:Q22) -> 112772.2 | T17: =SUMIF($B:$B,$B17&"."&"*",T:T) -> 42170 | W17: =SUMIF($B:$B,$B17&"."&"*",W:W) -> 27310 | AA17: =SUMIF($B:$B,$B17&"."&"*",AA:AA) -> 14285 | AD17: =SUMIF($B:$B,$B17&"."&"*",AD:AD) -> 15902.8 | AG17: =SUMIF($B:$B,$B17&"."&"*",AG:AG) -> 1400 | AJ17: =SUMIF($B:$B,$B17&"."&"*",AJ:AJ) -> 0 | AM17: =SUMIF($B:$B,$B17&"."&"*",AM:AM) -> 0 | AP17: =SUMIF($B:$B,$B17&"."&"*",AP:AP) -> 0 | AV17: =SUM(AV18:AV22) -> 0
B18: 1.1.1 | D18: Mao de Obra Colocacao de Azulejo | E18: M² | F18: 1081 | G18: 20 | H18: =I18/$I$13 -> 0.10110363 | I18: =F18*G18 -> 21620 | L18: =SUMIF($S$11:$XFD$11,L$11,$S18:$XFD18) -> 262.79 | M18: =SUMIF($S$11:$XFD$11,M$11,$S18:$XFD18) -> 5255.8 | O18: =P18/F18 -> 0.75690102 | P18: =F18-L18 -> 818.21 | Q18: =I18-M18 -> 16364.2 | S18: 0 | T18: =S18*$G18 -> 0 | V18: 0 | W18: =V18*$G18 -> 0 | Z18: 0 | AA18: =Z18*$G18 -> 0 | AC18: 262.79 | AD18: =AC18*$G18 -> 5255.8 | AG18: =AF18*$G18 -> 0 | AJ18: =AI18*$G18 -> 0 | AM18: =AL18*$G18 -> 0 | AP18: =AO18*$G18 -> 0 | AS18: =AR18*$G18 -> 0 | AV18: =AU18*$G18 -> 0
B19: 1.1.2 | D19: Mao de Obra Colocacao Piso Ceramico | E19: M² | F19: 3028 | G19: 25 | H19: =I19/$I$13 -> 0.35400299 | I19: =F19*G19 -> 75700 | L19: =SUMIF($S$11:$XFD$11,L$11,$S19:$XFD19) -> 2046.2 | M19: =SUMIF($S$11:$XFD$11,M$11,$S19:$XFD19) -> 51155 | O19: =P19/F19 -> 0.32424042 | P19: =F19-L19 -> 981.8 | Q19: =I19-M19 -> 24545 | S19: 1013 | T19: =S19*$G19 -> 25325 | V19: 581 | W19: =V19*$G19 -> 14525 | Z19: 238 | AA19: =Z19*$G19 -> 5950 | AC19: 214.2 | AD19: =AC19*$G19 -> 5355 | AG19: =AF19*$G19 -> 0
B20: 1.1.3 | D20: M.O para colocação de soleiras | E20: M | F20: 337 | G20: 10 | H20: =I20/$I$13 -> 0.015759446 | I20: =F20*G20 -> 3370 | L20: =SUMIF($S$11:$XFD$11,L$11,$S20:$XFD20) -> 204 | M20: =SUMIF($S$11:$XFD$11,M$11,$S20:$XFD20) -> 2040 | O20: =P20/F20 -> 0.39465875 | P20: =F20-L20 -> 133 | Q20: =I20-M20 -> 1330 | S20: 0 | T20: =S20*$G20 -> 0 | V20: 155 | W20: =V20*$G20 -> 1550 | Z20: 49 | AA20: =Z20*$G20 -> 490 | AC20: 0 | AD20: =AC20*$G20 -> 0 | AG20: =AF20*$G20 -> 0
B21: 1.1.4 | D21: M.O. para colocação de baguetes | E21: M | F21: 353 | G21: 25 | H21: =I21/$I$13 -> 0.041269173 | I21: =F21*G21 -> 8825 | L21: =SUMIF($S$11:$XFD$11,L$11,$S21:$XFD21) -> 197 | M21: =SUMIF($S$11:$XFD$11,M$11,$S21:$XFD21) -> 4925 | O21: =P21/F21 -> 0.44192635 | P21: =F21-L21 -> 156 | Q21: =I21-M21 -> 3900 | S21: 0 | T21: =S21*$G21 -> 0 | V21: 120 | W21: =V21*$G21 -> 3000 | Z21: 21 | AA21: =Z21*$G21 -> 525 | AC21: 0 | AD21: =AC21*$G21 -> 0 | AF21: 56 | AG21: =AF21*$G21 -> 1400
B22: 1.1.5 | D22: Rodapé Cerâmico | Porcelanato - Serviço M.O Subcontrato | E22: M | F22: 6955 | G22: 15 | H22: =I22/$I$13 -> 0.48786476 | I22: =F22*G22 -> 104325 | L22: =SUMIF($S$11:$XFD$11,L$11,$S22:$XFD22) -> 2512.8 | M22: =SUMIF($S$11:$XFD$11,M$11,$S22:$XFD22) -> 37692 | O22: =P22/F22 -> 0.63870597 | P22: =F22-L22 -> 4442.2 | Q22: =I22-M22 -> 66633 | S22: 1123 | T22: =S22*$G22 -> 16845 | V22: 549 | W22: =V22*$G22 -> 8235 | Z22: 488 | AA22: =Z22*$G22 -> 7320 | AC22: 352.8 | AD22: =AC22*$G22 -> 5292 | AG22: =AF22*$G22 -> 0
B23: 1.1.5 | H23: =I23/$I$13 -> 0 | I23: =F23*G23 -> 0 | L23: =SUMIF($S$11:$XFD$11,L$11,$S23:$XFD23) -> 0 | M23: =SUMIF($S$11:$XFD$11,M$11,$S23:$XFD23) -> 0 | O23: =P23/F23 -> #DIV/0! | P23: =F23-L23 -> 0 | Q23: =I23-M23 -> 0 | T23: =S23*$G23 -> 0 | W23: =V23*$G23 -> 0 | AA23: =Z23*$G23 -> 0 | AD23: =AC23*$G23 -> 0 | AG23: =AF23*$G23 -> 0 | AJ23: =AI23*$G23 -> 0 | AM23: =AL23*$G23 -> 0 | AP23: =AO23*$G23 -> 0 | AS23: =AR23*$G23 -> 0 | AV23: =AU23*$G23 -> 0
B24: 1.1.6 | H24: =I24/$I$13 -> 0 | I24: =F24*G24 -> 0 | L24: =SUMIF($S$11:$XFD$11,L$11,$S24:$XFD24) -> 0 | M24: =SUMIF($S$11:$XFD$11,M$11,$S24:$XFD24) -> 0 | O24: =P24/F24 -> #DIV/0! | P24: =F24-L24 -> 0 | Q24: =I24-M24 -> 0 | T24: =S24*$G24 -> 0 | W24: =V24*$G24 -> 0 | AA24: =Z24*$G24 -> 0 | AD24: =AC24*$G24 -> 0 | AG24: =AF24*$G24 -> 0 | AJ24: =AI24*$G24 -> 0 | AM24: =AL24*$G24 -> 0 | AP24: =AO24*$G24 -> 0 | AS24: =AR24*$G24 -> 0 | AV24: =AU24*$G24 -> 0
B25: 1.1.7 | H25: =I25/$I$13 -> 0 | I25: =F25*G25 -> 0 | L25: =SUMIF($S$11:$XFD$11,L$11,$S25:$XFD25) -> 0 | M25: =SUMIF($S$11:$XFD$11,M$11,$S25:$XFD25) -> 0 | O25: =P25/F25 -> #DIV/0! | P25: =F25-L25 -> 0 | Q25: =I25-M25 -> 0 | T25: =S25*$G25 -> 0 | W25: =V25*$G25 -> 0 | AA25: =Z25*$G25 -> 0 | AD25: =AC25*$G25 -> 0 | AG25: =AF25*$G25 -> 0 | AJ25: =AI25*$G25 -> 0 | AM25: =AL25*$G25 -> 0 | AP25: =AO25*$G25 -> 0 | AS25: =AR25*$G25 -> 0 | AV25: =AU25*$G25 -> 0
B26: 1.7 | H26: =SUMIF($B:$B,$B26&"."&"*",H:H) -> 0 | I26: =I27 -> 0 | M26: =M27 -> 0 | Q26: =Q27 -> 0 | T26: =SUMIF($B:$B,$B26&"."&"*",T:T) -> 0 | W26: =V26*$G26 -> 0 | AA26: =Z26*$G26 -> 0 | AD26: =AC26*$G26 -> 0 | AG26: =SUMIF($B:$B,$B26&"."&"*",AG:AG) -> 0 | AJ26: =SUMIF($B:$B,$B26&"."&"*",AJ:AJ) -> 0 | AM26: =SUMIF($B:$B,$B26&"."&"*",AM:AM) -> 0 | AP26: =SUMIF($B:$B,$B26&"."&"*",AP:AP) -> 0 | AS26: =SUM(#REF!) -> #REF! | AV26: =SUM(AV27) -> 0
B27: 1.7.1 | H27: =I27/$I$13 -> 0 | I27: =F27*G27 -> 0 | O27: =P27/F27 -> #DIV/0! | P27: =F27-L27 -> 0 | Q27: =I27-M27 -> 0 | T27: =S27*$G27 -> 0 | W27: =V27*$G27 -> 0 | AA27: =Z27*$G27 -> 0 | AD27: =AC27*$G27 -> 0 | AG27: =AF27*$G27 -> 0 | AJ27: =AI27*$G27 -> 0 | AM27: =AL27*$G27 -> 0 | AP27: =AO27*$G27 -> 0 | AS27: =AR27*$G27 -> 0 | AV27: =AU27*$G27 -> 0
B28: 1.5.2 | H28: =I28/$I$13 -> 0 | I28: =F28*G28 -> 0 | L28: =SUMIF($S$11:$XFD$11,L$11,$S28:$XFD28) -> 0 | M28: =SUMIF($S$11:$XFD$11,M$11,$S28:$XFD28) -> 0 | O28: =P28/F28 -> #DIV/0! | P28: =F28-L28 -> 0 | Q28: =I28-M28 -> 0 | T28: =S28*$G28 -> 0 | W28: =V28*$G28 -> 0 | AA28: =Z28*$G28 -> 0 | AD28: =AC28*$G28 -> 0 | AG28: =AF28*$G28 -> 0 | AJ28: =AI28*$G28 -> 0 | AM28: =AL28*$G28 -> 0 | AP28: =AO28*$G28 -> 0 | AS28: =AR28*$G28 -> 0 | AV28: =AU28*$G28 -> 0
B29: 1.5.3 | H29: =I29/$I$13 -> 0 | I29: =F29*G29 -> 0 | O29: =P29/F29 -> #DIV/0! | P29: =F29-L29 -> 0 | Q29: =I29-M29 -> 0 | T29: =S29*$G29 -> 0 | W29: =V29*$G29 -> 0 | AA29: =Z29*$G29 -> 0 | AD29: =AC29*$G29 -> 0 | AG29: =AF29*$G29 -> 0 | AJ29: =AI29*$G29 -> 0 | AM29: =AL29*$G29 -> 0 | AP29: =AO29*$G29 -> 0 | AS29: =AR29*$G29 -> 0 | AV29: =AU29*$G29 -> 0
B30: 1.5.4 | H30: =I30/$I$13 -> 0 | I30: =F30*G30 -> 0 | O30: =P30/F30 -> #DIV/0! | P30: =F30-L30 -> 0 | Q30: =I30-M30 -> 0 | T30: =S30*$G30 -> 0 | W30: =V30*$G30 -> 0 | AA30: =Z30*$G30 -> 0 | AD30: =AC30*$G30 -> 0 | AG30: =AF30*$G30 -> 0 | AJ30: =AI30*$G30 -> 0 | AM30: =AL30*$G30 -> 0 | AP30: =AO30*$G30 -> 0 | AS30: =AR30*$G30 -> 0 | AV30: =AU30*$G30 -> 0
B32: D | D32: DEDUÇÕES | M32: =SUMIF($B:$B,$B32&"."&"?",M:M) -> 0 | Q32: =SUMIF($B:$B,$B32&"."&"?",Q:Q) -> 0 | T32: =SUMIF($B:$B,$B32&"."&"?",T:T) -> 2951.9 | W32: =SUMIF($B:$B,$B32&"."&"?",W:W) -> 1911.7 | AA32: =SUMIF($B:$B,$B32&"."&"?",AA:AA) -> 999.95 | AD32: =SUMIF($B:$B,$B32&"."&"?",AD:AD) -> 1113.196 | AG32: =SUMIF($B:$B,$B32&"."&"?",AG:AG) -> 98 | AJ32: =SUMIF($B:$B,$B32&"."&"?",AJ:AJ) -> 0 | AM32: =SUMIF($B:$B,$B32&"."&"?",AM:AM) -> 0 | AP32: =SUMIF($B:$B,$B32&"."&"?",AP:AP) -> 0 | AS32: =SUMIF($B:$B,$B32&"."&"?",AS:AS) -> #REF! | AV32: =SUMIF($B:$B,$B32&"."&"?",AV:AV) -> 0
B34: D.1 | I34: DEDUÇÃO | M34: =SUMIF($B:$B,$B34&"."&"*",M:M) -> 0 | Q34: =SUMIF($B:$B,$B34&"."&"*",Q:Q) -> 0 | T34: =SUMIF($B:$B,$B34&"."&"*",T:T) -> 0 | W34: =SUMIF($B:$B,$B34&"."&"*",W:W) -> 0 | AA34: =SUMIF($B:$B,$B34&"."&"*",AA:AA) -> 0 | AD34: =SUMIF($B:$B,$B34&"."&"*",AD:AD) -> 0 | AG34: =SUMIF($B:$B,$B34&"."&"*",AG:AG) -> 0 | AJ34: =SUMIF($B:$B,$B34&"."&"*",AJ:AJ) -> 0 | AM34: =SUMIF($B:$B,$B34&"."&"*",AM:AM) -> 0 | AP34: =SUMIF($B:$B,$B34&"."&"*",AP:AP) -> 0 | AS34: =SUMIF($B:$B,$B34&"."&"*",AS:AS) -> 0 | AV34: =SUMIF($B:$B,$B34&"."&"*",AV:AV) -> 0
B35: D.1.1 | I35: ALIMENTAÇÃO | M35: =SUMIF($S$11:$XFD$11,M$11,$S35:$XFD35) -> 0 | Q35: =-M35 -> 0
B36: D.1.2 | I36: ALOJAMENTO | M36: =SUMIF($S$11:$XFD$11,M$11,$S36:$XFD36) -> 0 | Q36: =-M36 -> 0
B37: D.1.3 | I37: EPI | M37: =SUMIF($S$11:$XFD$11,M$11,$S37:$XFD37) -> 0 | Q37: =-M37 -> 0
B38: D.1.4 | I38: OUTROS (ESPECIFICAR) | M38: =SUMIF($S$11:$XFD$11,M$11,$S38:$XFD38) -> 0 | Q38: =-M38 -> 0 | AG38: 0
B40: D.2 | I40: RETENÇÃO | M40: =SUMIF($B:$B,$B40&"."&"*",M:M) -> 0 | Q40: =SUMIF($B:$B,$B40&"."&"*",Q:Q) -> 0 | T40: =SUMIF($B:$B,$B40&"."&"*",T:T) -> 2951.9 | W40: =SUMIF($B:$B,$B40&"."&"*",W:W) -> 1911.7 | AA40: =SUMIF($B:$B,$B40&"."&"*",AA:AA) -> 999.95 | AD40: =SUMIF($B:$B,$B40&"."&"*",AD:AD) -> 1113.196 | AG40: =SUMIF($B:$B,$B40&"."&"*",AG:AG) -> 98 | AJ40: =SUMIF($B:$B,$B40&"."&"*",AJ:AJ) -> 0 | AM40: =SUMIF($B:$B,$B40&"."&"*",AM:AM) -> 0 | AP40: =SUMIF($B:$B,$B40&"."&"*",AP:AP) -> 0 | AS40: =SUMIF($B:$B,$B40&"."&"*",AS:AS) -> #REF! | AV40: =SUMIF($B:$B,$B40&"."&"*",AV:AV) -> 0
B41: D.2.1 | I41: RETENÇÃO | Q41: =-M41 -> 0 | T41: =T13*$I$5 -> 2951.9 | W41: =W13*$I$5 -> 1911.7 | AA41: =AA13*$I$5 -> 999.95 | AD41: =AD13*$I$5 -> 1113.196 | AG41: =AG13*$I$5 -> 98 | AJ41: =AJ13*$I$5 -> 0 | AM41: =AM13*$I$5 -> 0 | AP41: =AP13*$I$5 -> 0 | AS41: =AS13*$I$5 -> #REF! | AV41: =AV13*$I$5 -> 0
AS108: PREVISTO TOTAL
AS109: =SUM(F18:F22) -> 11754

Sheet 3. Faturamento Direto
B2: BOLETIM DE FATURAMENTO DIRETO
C5: OBRA: | D5: ='1. Controle de Contrato'!$D$5 -> BELLA VERONA
C6: CONTRATADO: | D6: ='1. Controle de Contrato'!$D$7 -> GIL REVEST | F6: VALOR TOTAL | I6: ='1. Controle de Contrato'!J9+'1. Controle de Contrato'!N9 -> 0 | O6: Período | S6: =IF(_xlfn.XLOOKUP(S$9,'2. Boletim de Medição'!$8:$8,'2. Boletim de Medição'!$6:$6)="","",_xlfn.XLOOKUP(S$9,'2. Boletim de Medição'!$8:$8,'2. Boletim de Medição'!$6:$6)) -> 45962 | U6: =IF(_xlfn.XLOOKUP(U$9,'2. Boletim de Medição'!$8:$8,'2. Boletim de Medição'!$6:$6)="","",_xlfn.XLOOKUP(U$9,'2. Boletim de Medição'!$8:$8,'2. Boletim de Medição'!$6:$6)) -> 45992 | W6: =IF(_xlfn.XLOOKUP(W$9,'2. Boletim de Medição'!$8:$8,'2. Boletim de Medição'!$6:$6)="","",_xlfn.XLOOKUP(W$9,'2. Boletim de Medição'!$8:$8,'2. Boletim de Medição'!$6:$6)) -> 46113 | Y6: =IF(_xlfn.XLOOKUP(Y$9,'2. Boletim de Medição'!$8:$8,'2. Boletim de Medição'!$6:$6)="","",_xlfn.XLOOKUP(Y$9,'2. Boletim de Medição'!$8:$8,'2. Boletim de Medição'!$6:$6)) -> 46113 | AA6: =IF(_xlfn.XLOOKUP(AA$9,'2. Boletim de Medição'!$8:$8,'2. Boletim de Medição'!$6:$6)="","",_xlfn.XLOOKUP(AA$9,'2. Boletim de Medição'!$8:$8,'2. Boletim de Medição'!$6:$6)) | AC6: =IF(_xlfn.XLOOKUP(AC$9,'2. Boletim de Medição'!$8:$8,'2. Boletim de Medição'!$6:$6)="","",_xlfn.XLOOKUP(AC$9,'2. Boletim de Medição'!$8:$8,'2. Boletim de Medição'!$6:$6)) | AE6: =IF(_xlfn.XLOOKUP(AE$9,'2. Boletim de Medição'!$8:$8,'2. Boletim de Medição'!$6:$6)="","",_xlfn.XLOOKUP(AE$9,'2. Boletim de Medição'!$8:$8,'2. Boletim de Medição'!$6:$6)) | AG6: =IF(_xlfn.XLOOKUP(AG$9,'2. Boletim de Medição'!$8:$8,'2. Boletim de Medição'!$6:$6)="","",_xlfn.XLOOKUP(AG$9,'2. Boletim de Medição'!$8:$8,'2. Boletim de Medição'!$6:$6)) | AI6: =IF(_xlfn.XLOOKUP(AI$9,'2. Boletim de Medição'!$8:$8,'2. Boletim de Medição'!$6:$6)="","",_xlfn.XLOOKUP(AI$9,'2. Boletim de Medição'!$8:$8,'2. Boletim de Medição'!$6:$6))
C7: Nº DO CONTRATO: | D7: ='1. Controle de Contrato'!$D$9 -> CTF/2681 | F7: MEDIDO ACUMULADO | I7: =L13 -> 0 | O7: Data | S7: =IF(_xlfn.XLOOKUP(S$9,'2. Boletim de Medição'!$8:$8,'2. Boletim de Medição'!$7:$7)="","",_xlfn.XLOOKUP(S$9,'2. Boletim de Medição'!$8:$8,'2. Boletim de Medição'!$7:$7)) -> 45985 | U7: =IF(_xlfn.XLOOKUP(U$9,'2. Boletim de Medição'!$8:$8,'2. Boletim de Medição'!$7:$7)="","",_xlfn.XLOOKUP(U$9,'2. Boletim de Medição'!$8:$8,'2. Boletim de Medição'!$7:$7)) -> 46014 | W7: =IF(_xlfn.XLOOKUP(W$9,'2. Boletim de Medição'!$8:$8,'2. Boletim de Medição'!$7:$7)="","",_xlfn.XLOOKUP(W$9,'2. Boletim de Medição'!$8:$8,'2. Boletim de Medição'!$7:$7)) -> 46134 | Y7: =IF(_xlfn.XLOOKUP(Y$9,'2. Boletim de Medição'!$8:$8,'2. Boletim de Medição'!$7:$7)="","",_xlfn.XLOOKUP(Y$9,'2. Boletim de Medição'!$8:$8,'2. Boletim de Medição'!$7:$7)) -> 46139 | AA7: =IF(_xlfn.XLOOKUP(AA$9,'2. Boletim de Medição'!$8:$8,'2. Boletim de Medição'!$7:$7)="","",_xlfn.XLOOKUP(AA$9,'2. Boletim de Medição'!$8:$8,'2. Boletim de Medição'!$7:$7)) | AC7: =IF(_xlfn.XLOOKUP(AC$9,'2. Boletim de Medição'!$8:$8,'2. Boletim de Medição'!$7:$7)="","",_xlfn.XLOOKUP(AC$9,'2. Boletim de Medição'!$8:$8,'2. Boletim de Medição'!$7:$7)) | AE7: =IF(_xlfn.XLOOKUP(AE$9,'2. Boletim de Medição'!$8:$8,'2. Boletim de Medição'!$7:$7)="","",_xlfn.XLOOKUP(AE$9,'2. Boletim de Medição'!$8:$8,'2. Boletim de Medição'!$7:$7)) | AG7: =IF(_xlfn.XLOOKUP(AG$9,'2. Boletim de Medição'!$8:$8,'2. Boletim de Medição'!$7:$7)="","",_xlfn.XLOOKUP(AG$9,'2. Boletim de Medição'!$8:$8,'2. Boletim de Medição'!$7:$7)) | AI7: =IF(_xlfn.XLOOKUP(AI$9,'2. Boletim de Medição'!$8:$8,'2. Boletim de Medição'!$7:$7)="","",_xlfn.XLOOKUP(AI$9,'2. Boletim de Medição'!$8:$8,'2. Boletim de Medição'!$7:$7))
C8: ATIVIDADE: | D8: ='1. Controle de Contrato'!$D$11 -> M.O EXECUÇÃO PISO E AZULEJO | F8: SALDO DISPONÍVEL | I8: =I6-I7 -> 0
L9: TOTAL MEDIDO | N9: SALDO | Q9: 1 | S9: =Q9+1 -> 2 | U9: =S9+1 -> 3 | W9: =U9+1 -> 4 | Y9: =W9+1 -> 5 | AA9: =Y9+1 -> 6 | AC9: =AA9+1 -> 7 | AE9: =AC9+1 -> 8 | AG9: =AE9+1 -> 9 | AI9: =AG9+1 -> 10
Q10: =#REF! -> #REF! | S10: =#REF! -> #REF! | U10: =#REF! -> #REF! | W10: =#REF! -> #REF! | Y10: =#REF! -> #REF! | AA10: =#REF! -> #REF! | AC10: =#REF! -> #REF! | AE10: =#REF! -> #REF! | AG10: =#REF! -> #REF! | AI10: =#REF! -> #REF!
B11: ITEM | C11: CÓDIGO TAREFA | D11: DESCRIÇÃO DO ITEM | H11: PESO | I11: TOTAL | L11: VALOR | N11: QUANTIDADE | Q11: VALOR | S11: VALOR | U11: VALOR | W11: VALOR | Y11: VALOR | AA11: VALOR | AC11: VALOR | AE11: VALOR | AG11: VALOR | AI11: VALOR
D13: VALOR TOTAL | H13: =SUMIF($B:$B,">0",H:H) -> #DIV/0! | I13: =SUMIF($B:$B,">0",I:I) -> 0 | L13: =SUMIF($B:$B,">0",L:L) -> 0 | O13: =SUMIF($B:$B,">0",O:O) -> 0 | Q13: =SUMIF($B:$B,">0",Q:Q) -> 0 | S13: =SUMIF($B:$B,">0",S:S) -> 0 | U13: =SUMIF($B:$B,">0",U:U) -> 0 | W13: =SUMIF($B:$B,">0",W:W) -> 0 | Y13: =SUMIF($B:$B,">0",Y:Y) -> 0 | AA13: =SUMIF($B:$B,">0",AA:AA) -> 0 | AC13: =SUMIF($B:$B,">0",AC:AC) -> 0 | AE13: =SUMIF($B:$B,">0",AE:AE) -> 0 | AG13: =SUMIF($B:$B,">0",AG:AG) -> 0 | AI13: =SUMIF($B:$B,">0",AI:AI) -> 0
B15: 1 | D15: TOTAL CONTRATADO | H15: =SUMIF($B:$B,$B15&"."&"?",H:H) -> #DIV/0! | I15: =SUMIF($B:$B,$B15&"."&"?",I:I) -> 0 | L15: =SUMIF($B:$B,$B15&"."&"?",L:L) -> 0 | O15: =SUMIF($B:$B,$B15&"."&"?",O:O) -> 0 | Q15: =SUMIF($B:$B,$B15&"."&"?",Q:Q) -> 0 | S15: =SUMIF($B:$B,$B15&"."&"?",S:S) -> 0 | U15: =SUMIF($B:$B,$B15&"."&"?",U:U) -> 0 | W15: =SUMIF($B:$B,$B15&"."&"?",W:W) -> 0 | Y15: =SUMIF($B:$B,$B15&"."&"?",Y:Y) -> 0 | AA15: =SUMIF($B:$B,$B15&"."&"?",AA:AA) -> 0 | AC15: =SUMIF($B:$B,$B15&"."&"?",AC:AC) -> 0 | AE15: =SUMIF($B:$B,$B15&"."&"?",AE:AE) -> 0 | AG15: =SUMIF($B:$B,$B15&"."&"?",AG:AG) -> 0 | AI15: =SUMIF($B:$B,$B15&"."&"?",AI:AI) -> 0
B17: 1.1 | H17: =SUBTOTAL(9,H18:H19) -> #DIV/0! | I17: =SUMIF($B:$B,$B17&"."&"*",I:I) -> 0 | L17: =SUMIF($B:$B,$B17&"."&"*",L:L) -> 0 | O17: =SUMIF($B:$B,$B17&"."&"*",O:O) -> 0 | Q17: =SUMIF($B:$B,$B17&"."&"*",Q:Q) -> 0 | S17: =SUMIF($B:$B,$B17&"."&"*",S:S) -> 0 | U17: =SUMIF($B:$B,$B17&"."&"*",U:U) -> 0 | W17: =SUMIF($B:$B,$B17&"."&"*",W:W) -> 0 | Y17: =SUMIF($B:$B,$B17&"."&"*",Y:Y) -> 0 | AA17: =SUMIF($B:$B,$B17&"."&"*",AA:AA) -> 0 | AC17: =SUMIF($B:$B,$B17&"."&"*",AC:AC) -> 0 | AE17: =SUMIF($B:$B,$B17&"."&"*",AE:AE) -> 0 | AG17: =SUMIF($B:$B,$B17&"."&"*",AG:AG) -> 0 | AI17: =SUMIF($B:$B,$B17&"."&"*",AI:AI) -> 0
B18: 1.1.1 | H18: =I18/$I$13 -> #DIV/0! | L18: =SUMIF($Q$11:$XFD$11,L$11,$Q18:$XFD18) -> 0 | N18: =O18/I18 -> #DIV/0! | O18: =I18-L18 -> 0
B19: 1.1.2 | H19: =I19/$I$13 -> #DIV/0! | L19: =SUMIF($Q$11:$XFD$11,L$11,$Q19:$XFD19) -> 0 | N19: =O19/I19 -> #DIV/0! | O19: =I19-L19 -> 0
B20: 1.2 | H20: =SUBTOTAL(9,H21:H22) -> #DIV/0! | I20: =SUMIF($B:$B,$B20&"."&"*",I:I) -> 0 | L20: =SUMIF($B:$B,$B20&"."&"*",L:L) -> 0 | O20: =SUMIF($B:$B,$B20&"."&"*",O:O) -> 0 | Q20: =SUMIF($B:$B,$B20&"."&"*",Q:Q) -> 0 | S20: =SUMIF($B:$B,$B20&"."&"*",S:S) -> 0 | U20: =SUMIF($B:$B,$B20&"."&"*",U:U) -> 0 | W20: =SUMIF($B:$B,$B20&"."&"*",W:W) -> 0 | Y20: =SUMIF($B:$B,$B20&"."&"*",Y:Y) -> 0 | AA20: =SUMIF($B:$B,$B20&"."&"*",AA:AA) -> 0 | AC20: =SUMIF($B:$B,$B20&"."&"*",AC:AC) -> 0 | AE20: =SUMIF($B:$B,$B20&"."&"*",AE:AE) -> 0 | AG20: =SUMIF($B:$B,$B20&"."&"*",AG:AG) -> 0 | AI20: =SUMIF($B:$B,$B20&"."&"*",AI:AI) -> 0
B21: 1.2.1 | H21: =I21/$I$13 -> #DIV/0! | L21: =SUMIF($Q$11:$XFD$11,L$11,$Q21:$XFD21) -> 0 | N21: =O21/I21 -> #DIV/0! | O21: =I21-L21 -> 0

Sheet 4. Mapa Visual de Medição
B3: ='1. Controle de Contrato'!D11 -> M.O EXECUÇÃO PISO E AZULEJO
G6: TORRE A | R6: TORRE B | AC6: TORRE C | AP6: TORRE D | BC6: TORRE E | BV6: TORRE A | CG6: TORRE B | CR6: TORRE C | DC6: TORRE D | DP6: TORRE E | EJ6: TORRE A | EU6: TORRE B | FF6: TORRE C | FQ6: TORRE D | GD6: TORRE E | GW6: TORRE A | HH6: TORRE B | HS6: TORRE C | ID6: TORRE D | IQ6: TORRE E | JI6: TORRE A | JT6: TORRE B | KE6: TORRE C | KP6: TORRE D | LC6: TORRE E
A8: ='2. Boletim de Medição'!B18 -> 1.1.1 | D8: =_xlfn.XLOOKUP(A8,'2. Boletim de Medição'!B:B,'2. Boletim de Medição'!E:E) -> M² | E8: Barr. | BQ8: ='2. Boletim de Medição'!B19 -> 1.1.2 | BR8: =_xlfn.XLOOKUP(BQ8,'2. Boletim de Medição'!B:B,'2. Boletim de Medição'!D:D) -> Mao de Obra Colocacao Piso Ceramico | BT8: Apto | BU8: Barr. | ED8: ='2. Boletim de Medição'!B20 -> 1.1.3 | EE8: =_xlfn.XLOOKUP(ED8,'2. Boletim de Medição'!B:B,'2. Boletim de Medição'!D:D) -> M.O para colocação de soleiras | EG8: Apto | EH8: Barr. | GQ8: ='2. Boletim de Medição'!B21 -> 1.1.4 | GR8: =_xlfn.XLOOKUP(GQ8,'2. Boletim de Medição'!B:B,'2. Boletim de Medição'!D:D) -> M.O. para colocação de baguetes | GT8: Apto | GU8: Barr. | JD8: ='2. Boletim de Medição'!B22 -> 1.1.5 | JE8: =_xlfn.XLOOKUP(JD8,'2. Boletim de Medição'!B:B,'2. Boletim de Medição'!D:D) -> Rodapé Cerâmico | Porcelanato - Serviço M.O Subcontrato
A9: 1.1.1 | B9: =_xlfn.XLOOKUP(A9,'2. Boletim de Medição'!B:B,'2. Boletim de Medição'!D:D) -> Mao de Obra Colocacao de Azulejo | D9: =_xlfn.XLOOKUP(A9,'2. Boletim de Medição'!B:B,'2. Boletim de Medição'!E:E) -> M² | E9: Cob. | BQ9: ='2. Boletim de Medição'!B19 -> 1.1.2 | BR9: =_xlfn.XLOOKUP(BQ9,'2. Boletim de Medição'!B:B,'2. Boletim de Medição'!D:D) -> Mao de Obra Colocacao Piso Ceramico | BT9: Apto | BU9: Cob. | ED9: ='2. Boletim de Medição'!B20 -> 1.1.3 | EE9: =_xlfn.XLOOKUP(ED9,'2. Boletim de Medição'!B:B,'2. Boletim de Medição'!D:D) -> M.O para colocação de soleiras | EG9: Apto | EH9: Cob. | GQ9: 1.1.4 | GR9: =_xlfn.XLOOKUP(GQ9,'2. Boletim de Medição'!B:B,'2. Boletim de Medição'!D:D) -> M.O. para colocação de baguetes | GT9: Apto | GU9: Cob. | JD9: ='2. Boletim de Medição'!B22 -> 1.1.5 | JE9: =_xlfn.XLOOKUP(JD8,'2. Boletim de Medição'!B:B,'2. Boletim de Medição'!D:D) -> Rodapé Cerâmico | Porcelanato - Serviço M.O Subcontrato
A10: 1.1.1 | B10: =_xlfn.XLOOKUP(A10,'2. Boletim de Medição'!B:B,'2. Boletim de Medição'!D:D) -> Mao de Obra Colocacao de Azulejo | D10: =_xlfn.XLOOKUP(A10,'2. Boletim de Medição'!B:B,'2. Boletim de Medição'!E:E) -> M² | E10: 11º | G10: 7.29 | H10: 7.29 | I10: 7.29 | J10: 7.29 | K10: 7.29 | L10: 7.29 | M10: 7.29 | N10: 7.29 | O10: 7.29 | P10: 7.29 | BQ10: ='2. Boletim de Medição'!B19 -> 1.1.2 | BR10: =_xlfn.XLOOKUP(BQ10,'2. Boletim de Medição'!B:B,'2. Boletim de Medição'!D:D) -> Mao de Obra Colocacao Piso Ceramico | BT10: Apto | BU10: 11º | BV10: 7.05 | BW10: 5.07 | BX10: 5.07 | BY10: 5.07 | BZ10: 7.05 | CA10: 7.05 | CB10: 5.07 | CC10: 5.07 | CD10: 5.07 | CE10: 7.05 | ED10: 1.1.3 | EE10: =_xlfn.XLOOKUP(ED10,'2. Boletim de Medição'!B:B,'2. Boletim de Medição'!D:D) -> M.O para colocação de soleiras | EG10: Apto | EH10: 11º | GQ10: 1.1.4 | GR10: =_xlfn.XLOOKUP(GQ10,'2. Boletim de Medição'!B:B,'2. Boletim de Medição'!D:D) -> M.O. para colocação de baguetes | GT10: Apto | GU10: 11º | JD10: ='2. Boletim de Medição'!B22 -> 1.1.5 | JE10: =_xlfn.XLOOKUP(JD8,'2. Boletim de Medição'!B:B,'2. Boletim de Medição'!D:D) -> Rodapé Cerâmico | Porcelanato - Serviço M.O Subcontrato | JF10: Apto | JG10: 11º | JI10: 11.8 | JJ10: 8.2 | JK10: 8.2 | JL10: 8.2 | JM10: 11.8 | JN10: 11.8 | JO10: 8.2 | JP10: 8.2 | JQ10: 8.2 | JR10: 11.8 | LP10: 1º MEDIÇÃO | LR10: ='1. Controle de Contrato'!E24 -> 45951
A11: 1.1.1 | B11: =_xlfn.XLOOKUP(A11,'2. Boletim de Medição'!B:B,'2. Boletim de Medição'!D:D) -> Mao de Obra Colocacao de Azulejo | D11: =_xlfn.XLOOKUP(A11,'2. Boletim de Medição'!B:B,'2. Boletim de Medição'!E:E) -> M² | E11: 10º | G11: 7.29 | H11: 7.29 | I11: 7.29 | J11: 7.29 | K11: 7.29 | L11: 7.29 | M11: 7.29 | N11: 7.29 | O11: 7.29 | P11: 7.29 | BQ11: ='2. Boletim de Medição'!B19 -> 1.1.2 | BR11: =_xlfn.XLOOKUP(BQ11,'2. Boletim de Medição'!B:B,'2. Boletim de Medição'!D:D) -> Mao de Obra Colocacao Piso Ceramico | BT11: Apto | BU11: 10º | BV11: 7.05 | BW11: 5.07 | BX11: 5.07 | BY11: 5.07 | BZ11: 7.05 | CA11: 7.05 | CB11: 5.07 | CC11: 5.07 | CD11: 5.07 | CE11: 7.05 | ED11: 1.1.3 | EE11: =_xlfn.XLOOKUP(ED11,'2. Boletim de Medição'!B:B,'2. Boletim de Medição'!D:D) -> M.O para colocação de soleiras | EG11: Apto | EH11: 10º | GQ11: 1.1.4 | GR11: =_xlfn.XLOOKUP(GQ11,'2. Boletim de Medição'!B:B,'2. Boletim de Medição'!D:D) -> M.O. para colocação de baguetes | GT11: Apto | GU11: 10º | JD11: ='2. Boletim de Medição'!B22 -> 1.1.5 | JE11: =_xlfn.XLOOKUP(JD8,'2. Boletim de Medição'!B:B,'2. Boletim de Medição'!D:D) -> Rodapé Cerâmico | Porcelanato - Serviço M.O Subcontrato | JF11: Apto | JG11: 10º | JI11: 11.8 | JJ11: 8.2 | JK11: 8.2 | JL11: 8.2 | JM11: 11.8 | JN11: 11.8 | JO11: 8.2 | JP11: 8.2 | JQ11: 8.2 | JR11: 11.8 | LP11: 2º MEDIÇÃO | LR11: ='1. Controle de Contrato'!E25 -> 45985
A12: 1.1.1 | B12: =_xlfn.XLOOKUP(A12,'2. Boletim de Medição'!B:B,'2. Boletim de Medição'!D:D) -> Mao de Obra Colocacao de Azulejo | D12: =_xlfn.XLOOKUP(A12,'2. Boletim de Medição'!B:B,'2. Boletim de Medição'!E:E) -> M² | E12: 9º | G12: 7.29 | H12: 7.29 | I12: 7.29 | J12: 7.29 | K12: 7.29 | L12: 7.29 | M12: 7.29 | N12: 7.29 | O12: 7.29 | P12: 7.29 | BQ12: ='2. Boletim de Medição'!B19 -> 1.1.2 | BR12: =_xlfn.XLOOKUP(BQ12,'2. Boletim de Medição'!B:B,'2. Boletim de Medição'!D:D) -> Mao de Obra Colocacao Piso Ceramico | BT12: Apto | BU12: 9º | BV12: 7.05 | BW12: 5.07 | BX12: 5.07 | BY12: 5.07 | BZ12: 7.05 | CA12: 7.05 | CB12: 5.07 | CC12: 5.07 | CD12: 5.07 | CE12: 7.05 | ED12: 1.1.3 | EE12: =_xlfn.XLOOKUP(ED12,'2. Boletim de Medição'!B:B,'2. Boletim de Medição'!D:D) -> M.O para colocação de soleiras | EG12: Apto | EH12: 9º | GQ12: 1.1.4 | GR12: =_xlfn.XLOOKUP(GQ12,'2. Boletim de Medição'!B:B,'2. Boletim de Medição'!D:D) -> M.O. para colocação de baguetes | GT12: Apto | GU12: 9º | JD12: ='2. Boletim de Medição'!B22 -> 1.1.5 | JE12: =_xlfn.XLOOKUP(JD8,'2. Boletim de Medição'!B:B,'2. Boletim de Medição'!D:D) -> Rodapé Cerâmico | Porcelanato - Serviço M.O Subcontrato | JF12: Apto | JG12: 9º | JI12: 11.8 | JJ12: 8.2 | JK12: 8.2 | JL12: 8.2 | JM12: 11.8 | JN12: 11.8 | JO12: 8.2 | JP12: 8.2 | JQ12: 8.2 | JR12: 11.8 | LP12: 3º MEDIÇÃO | LR12: ='1. Controle de Contrato'!E26 -> 46014
A13: 1.1.1 | B13: =_xlfn.XLOOKUP(A13,'2. Boletim de Medição'!B:B,'2. Boletim de Medição'!D:D) -> Mao de Obra Colocacao de Azulejo | D13: =_xlfn.XLOOKUP(A13,'2. Boletim de Medição'!B:B,'2. Boletim de Medição'!E:E) -> M² | E13: 8º | G13: 7.29 | H13: 7.29 | I13: 7.29 | J13: 7.29 | K13: 7.29 | L13: 7.29 | M13: 7.29 | N13: 7.29 | O13: 7.29 | P13: 7.29 | BQ13: ='2. Boletim de Medição'!B19 -> 1.1.2 | BR13: =_xlfn.XLOOKUP(BQ13,'2. Boletim de Medição'!B:B,'2. Boletim de Medição'!D:D) -> Mao de Obra Colocacao Piso Ceramico | BT13: Apto | BU13: 8º | BV13: 7.05 | BW13: 5.07 | BX13: 5.07 | BY13: 5.07 | BZ13: 7.05 | CA13: 7.05 | CB13: 5.07 | CC13: 5.07 | CD13: 5.07 | CE13: 7.05 | ED13: 1.1.3 | EE13: =_xlfn.XLOOKUP(ED13,'2. Boletim de Medição'!B:B,'2. Boletim de Medição'!D:D) -> M.O para colocação de soleiras | EG13: Apto | EH13: 8º | GQ13: 1.1.4 | GR13: =_xlfn.XLOOKUP(GQ13,'2. Boletim de Medição'!B:B,'2. Boletim de Medição'!D:D) -> M.O. para colocação de baguetes | GT13: Apto | GU13: 8º | JD13: ='2. Boletim de Medição'!B22 -> 1.1.5 | JE13: =_xlfn.XLOOKUP(JD8,'2. Boletim de Medição'!B:B,'2. Boletim de Medição'!D:D) -> Rodapé Cerâmico | Porcelanato - Serviço M.O Subcontrato | JF13: Apto | JG13: 8º | JI13: 11.8 | JJ13: 8.2 | JK13: 8.2 | JL13: 8.2 | JM13: 11.8 | JN13: 11.8 | JO13: 8.2 | JP13: 8.2 | JQ13: 8.2 | JR13: 11.8 | LP13: 4º MEDIÇÃO | LR13: ='1. Controle de Contrato'!E27 -> 46134
A14: 1.1.1 | B14: =_xlfn.XLOOKUP(A14,'2. Boletim de Medição'!B:B,'2. Boletim de Medição'!D:D) -> Mao de Obra Colocacao de Azulejo | D14: =_xlfn.XLOOKUP(A14,'2. Boletim de Medição'!B:B,'2. Boletim de Medição'!E:E) -> M² | E14: 7º | G14: 7.29 | H14: 7.29 | I14: 7.29 | J14: 7.29 | L14: 7.29 | M14: 7.29 | N14: 7.29 | O14: 7.29 | P14: 7.29 | BQ14: ='2. Boletim de Medição'!B19 -> 1.1.2 | BR14: =_xlfn.XLOOKUP(BQ14,'2. Boletim de Medição'!B:B,'2. Boletim de Medição'!D:D) -> Mao de Obra Colocacao Piso Ceramico | BT14: Apto | BU14: 7º | BV14: 7.05 | BW14: 5.07 | CA14: 7.05 | CB14: 5.07 | CC14: 5.07 | CD14: 5.07 | CE14: 7.05 | ED14: 1.1.3 | EE14: =_xlfn.XLOOKUP(ED14,'2. Boletim de Medição'!B:B,'2. Boletim de Medição'!D:D) -> M.O para colocação de soleiras | EG14: Apto | EH14: 7º | GQ14: 1.1.4 | GR14: =_xlfn.XLOOKUP(GQ14,'2. Boletim de Medição'!B:B,'2. Boletim de Medição'!D:D) -> M.O. para colocação de baguetes | GT14: Apto | GU14: 7º | JD14: ='2. Boletim de Medição'!B22 -> 1.1.5 | JE14: =_xlfn.XLOOKUP(JD8,'2. Boletim de Medição'!B:B,'2. Boletim de Medição'!D:D) -> Rodapé Cerâmico | Porcelanato - Serviço M.O Subcontrato | JF14: Apto | JG14: 7º | JI14: 11.8 | JJ14: 8.2 | JP14: 8.2 | JQ14: 8.2 | JR14: 11.8 | LP14: 5º MEDIÇÃO | LR14: ='1. Controle de Contrato'!E28 -> 46139
A15: 1.1.1 | B15: =_xlfn.XLOOKUP(A15,'2. Boletim de Medição'!B:B,'2. Boletim de Medição'!D:D) -> Mao de Obra Colocacao de Azulejo | D15: =_xlfn.XLOOKUP(A15,'2. Boletim de Medição'!B:B,'2. Boletim de Medição'!E:E) -> M² | E15: 6º | G15: 7.29 | H15: 7.29 | I15: 7.29 | J15: 7.29 | L15: 7.29 | M15: 7.29 | N15: 7.29 | O15: 7.29 | P15: 7.29 | BQ15: ='2. Boletim de Medição'!B19 -> 1.1.2 | BR15: =_xlfn.XLOOKUP(BQ15,'2. Boletim de Medição'!B:B,'2. Boletim de Medição'!D:D) -> Mao de Obra Colocacao Piso Ceramico | BT15: Apto | BU15: 6º | BV15: 7.05 | BW15: 5.07 | CA15: 7.05 | CB15: 5.07 | CC15: 5.07 | CD15: 5.07 | CE15: 7.05 | ED15: 1.1.3 | EE15: =_xlfn.XLOOKUP(ED15,'2. Boletim de Medição'!B:B,'2. Boletim de Medição'!D:D) -> M.O para colocação de soleiras | EG15: Apto | EH15: 6º | GQ15: 1.1.4 | GR15: =_xlfn.XLOOKUP(GQ15,'2. Boletim de Medição'!B:B,'2. Boletim de Medição'!D:D) -> M.O. para colocação de baguetes | GT15: Apto | GU15: 6º | JD15: ='2. Boletim de Medição'!B22 -> 1.1.5 | JE15: =_xlfn.XLOOKUP(JD8,'2. Boletim de Medição'!B:B,'2. Boletim de Medição'!D:D) -> Rodapé Cerâmico | Porcelanato - Serviço M.O Subcontrato | JF15: Apto | JG15: 6º | JI15: 11.8 | JJ15: 8.2 | JP15: 8.2 | JQ15: 8.2 | JR15: 11.8 | LP15: 6º MEDIÇÃO | LR15: ='1. Controle de Contrato'!E29
A16: 1.1.1 | B16: =_xlfn.XLOOKUP(A16,'2. Boletim de Medição'!B:B,'2. Boletim de Medição'!D:D) -> Mao de Obra Colocacao de Azulejo | D16: =_xlfn.XLOOKUP(A16,'2. Boletim de Medição'!B:B,'2. Boletim de Medição'!E:E) -> M² | E16: 5º | G16: 7.29 | H16: 7.29 | I16: 7.29 | J16: 7.29 | L16: 7.29 | M16: 7.29 | N16: 7.29 | O16: 7.29 | P16: 7.29 | BQ16: ='2. Boletim de Medição'!B19 -> 1.1.2 | BR16: =_xlfn.XLOOKUP(BQ16,'2. Boletim de Medição'!B:B,'2. Boletim de Medição'!D:D) -> Mao de Obra Colocacao Piso Ceramico | BT16: Apto | BU16: 5º | BV16: 7.05 | BW16: 5.07 | CA16: 7.05 | CB16: 5.07 | CC16: 5.07 | CD16: 5.07 | CE16: 7.05 | ED16: 1.1.3 | EE16: =_xlfn.XLOOKUP(ED16,'2. Boletim de Medição'!B:B,'2. Boletim de Medição'!D:D) -> M.O para colocação de soleiras | EG16: Apto | EH16: 5º | GQ16: 1.1.4 | GR16: =_xlfn.XLOOKUP(GQ16,'2. Boletim de Medição'!B:B,'2. Boletim de Medição'!D:D) -> M.O. para colocação de baguetes | GT16: Apto | GU16: 5º | JD16: ='2. Boletim de Medição'!B22 -> 1.1.5 | JE16: =_xlfn.XLOOKUP(JD8,'2. Boletim de Medição'!B:B,'2. Boletim de Medição'!D:D) -> Rodapé Cerâmico | Porcelanato - Serviço M.O Subcontrato | JF16: Apto | JG16: 5º | JI16: 11.8 | JJ16: 8.2 | JP16: 8.2 | JQ16: 8.2 | JR16: 11.8 | LP16: 7º MEDIÇÃO | LR16: ='1. Controle de Contrato'!E30
A17: 1.1.1 | B17: =_xlfn.XLOOKUP(A17,'2. Boletim de Medição'!B:B,'2. Boletim de Medição'!D:D) -> Mao de Obra Colocacao de Azulejo | D17: =_xlfn.XLOOKUP(A17,'2. Boletim de Medição'!B:B,'2. Boletim de Medição'!E:E) -> M² | E17: 4º | G17: 7.29 | H17: 7.29 | I17: 7.29 | J17: 7.29 | L17: 7.29 | M17: 7.29 | N17: 7.29 | O17: 7.29 | P17: 7.29 | BQ17: ='2. Boletim de Medição'!B19 -> 1.1.2 | BR17: =_xlfn.XLOOKUP(BQ17,'2. Boletim de Medição'!B:B,'2. Boletim de Medição'!D:D) -> Mao de Obra Colocacao Piso Ceramico | BT17: Apto | BU17: 4º | BV17: 7.05 | BW17: 5.07 | CA17: 7.05 | CB17: 5.07 | CC17: 5.07 | CD17: 5.07 | CE17: 7.05 | ED17: 1.1.3 | EE17: =_xlfn.XLOOKUP(ED17,'2. Boletim de Medição'!B:B,'2. Boletim de Medição'!D:D) -> M.O para colocação de soleiras | EG17: Apto | EH17: 4º | GQ17: 1.1.4 | GR17: =_xlfn.XLOOKUP(GQ17,'2. Boletim de Medição'!B:B,'2. Boletim de Medição'!D:D) -> M.O. para colocação de baguetes | GT17: Apto | GU17: 4º | JD17: ='2. Boletim de Medição'!B22 -> 1.1.5 | JE17: =_xlfn.XLOOKUP(JD8,'2. Boletim de Medição'!B:B,'2. Boletim de Medição'!D:D) -> Rodapé Cerâmico | Porcelanato - Serviço M.O Subcontrato | JF17: Apto | JG17: 4º | JI17: 11.8 | JJ17: 8.2 | JK17: 8.2 | JL17: 8.2 | JM17: 11.8 | JN17: 11.8 | JO17: 8.2 | JP17: 8.2 | JQ17: 8.2 | JR17: 11.8 | LP17: 8º MEDIÇÃO | LR17: ='1. Controle de Contrato'!E31
A18: 1.1.1 | B18: =_xlfn.XLOOKUP(A18,'2. Boletim de Medição'!B:B,'2. Boletim de Medição'!D:D) -> Mao de Obra Colocacao de Azulejo | D18: =_xlfn.XLOOKUP(A18,'2. Boletim de Medição'!B:B,'2. Boletim de Medição'!E:E) -> M² | E18: 3º | G18: 7.29 | H18: 7.29 | I18: 7.29 | J18: 7.29 | K18: 7.29 | L18: 7.29 | M18: 7.29 | N18: 7.29 | O18: 7.29 | P18: 7.29 | BQ18: ='2. Boletim de Medição'!B19 -> 1.1.2 | BR18: =_xlfn.XLOOKUP(BQ18,'2. Boletim de Medição'!B:B,'2. Boletim de Medição'!D:D) -> Mao de Obra Colocacao Piso Ceramico | BT18: Apto | BU18: 3º | BV18: 7.05 | BW18: 5.07 | BX18: 5.07 | BY18: 5.07 | BZ18: 7.05 | CA18: 7.05 | CB18: 5.07 | CC18: 5.07 | CD18: 5.07 | CE18: 7.05 | ED18: 1.1.3 | EE18: =_xlfn.XLOOKUP(ED18,'2. Boletim de Medição'!B:B,'2. Boletim de Medição'!D:D) -> M.O para colocação de soleiras | EG18: Apto | EH18: 3º | GQ18: 1.1.4 | GR18: =_xlfn.XLOOKUP(GQ18,'2. Boletim de Medição'!B:B,'2. Boletim de Medição'!D:D) -> M.O. para colocação de baguetes | GT18: Apto | GU18: 3º | JD18: ='2. Boletim de Medição'!B22 -> 1.1.5 | JE18: =_xlfn.XLOOKUP(JD8,'2. Boletim de Medição'!B:B,'2. Boletim de Medição'!D:D) -> Rodapé Cerâmico | Porcelanato - Serviço M.O Subcontrato | JF18: Apto | JG18: 3º | JI18: 11.8 | JJ18: 8.2 | JK18: 8.2 | JL18: 8.2 | JM18: 11.8 | JN18: 11.8 | JO18: 8.2 | JP18: 8.2 | JQ18: 8.2 | JR18: 11.8 | LP18: 9º MEDIÇÃO | LR18: ='1. Controle de Contrato'!E32
A19: 1.1.1 | B19: =_xlfn.XLOOKUP(A19,'2. Boletim de Medição'!B:B,'2. Boletim de Medição'!D:D) -> Mao de Obra Colocacao de Azulejo | D19: =_xlfn.XLOOKUP(A19,'2. Boletim de Medição'!B:B,'2. Boletim de Medição'!E:E) -> M² | E19: 2º | G19: 7.29 | H19: 7.29 | I19: 7.29 | J19: 7.29 | K19: 7.29 | L19: 7.29 | M19: 7.29 | N19: 7.29 | O19: 7.29 | P19: 7.29 | BQ19: ='2. Boletim de Medição'!B19 -> 1.1.2 | BR19: =_xlfn.XLOOKUP(BQ19,'2. Boletim de Medição'!B:B,'2. Boletim de Medição'!D:D) -> Mao de Obra Colocacao Piso Ceramico | BT19: Apto | BU19: 2º | BV19: 7.05 | BW19: 5.07 | BX19: 5.07 | BY19: 5.07 | BZ19: 7.05 | CA19: 7.05 | CB19: 5.07 | CC19: 5.07 | CD19: 5.07 | CE19: 7.05 | ED19: 1.1.3 | EE19: =_xlfn.XLOOKUP(ED19,'2. Boletim de Medição'!B:B,'2. Boletim de Medição'!D:D) -> M.O para colocação de soleiras | EG19: Apto | EH19: 2º | GQ19: 1.1.4 | GR19: =_xlfn.XLOOKUP(GQ19,'2. Boletim de Medição'!B:B,'2. Boletim de Medição'!D:D) -> M.O. para colocação de baguetes | GT19: Apto | GU19: 2º | JD19: ='2. Boletim de Medição'!B22 -> 1.1.5 | JE19: =_xlfn.XLOOKUP(JD8,'2. Boletim de Medição'!B:B,'2. Boletim de Medição'!D:D) -> Rodapé Cerâmico | Porcelanato - Serviço M.O Subcontrato | JF19: Apto | JG19: 2º | JI19: 11.8 | JJ19: 8.2 | JK19: 8.2 | JL19: 8.2 | JM19: 11.8 | JN19: 11.8 | JO19: 8.2 | JP19: 8.2 | JQ19: 8.2 | JR19: 11.8 | LP19: 10º MEDIÇÃO | LR19: ='1. Controle de Contrato'!E33
A20: 1.1.1 | B20: =_xlfn.XLOOKUP(A20,'2. Boletim de Medição'!B:B,'2. Boletim de Medição'!D:D) -> Mao de Obra Colocacao de Azulejo | D20: =_xlfn.XLOOKUP(A20,'2. Boletim de Medição'!B:B,'2. Boletim de Medição'!E:E) -> M² | E20: 1º | G20: 7.29 | H20: 7.29 | I20: 7.29 | J20: 7.29 | K20: 7.29 | L20: 7.29 | M20: 7.29 | N20: 7.29 | O20: 7.29 | P20: 7.29 | BQ20: ='2. Boletim de Medição'!B19 -> 1.1.2 | BR20: =_xlfn.XLOOKUP(BQ20,'2. Boletim de Medição'!B:B,'2. Boletim de Medição'!D:D) -> Mao de Obra Colocacao Piso Ceramico | BT20: Apto | BU20: 1º | BV20: 7.05 | BW20: 5.07 | BX20: 5.07 | BY20: 5.07 | BZ20: 7.05 | CA20: 7.05 | CB20: 5.07 | CC20: 5.07 | CD20: 5.07 | CE20: 7.05 | ED20: 1.1.3 | EE20: =_xlfn.XLOOKUP(ED20,'2. Boletim de Medição'!B:B,'2. Boletim de Medição'!D:D) -> M.O para colocação de soleiras | EG20: Apto | EH20: 1º | GQ20: 1.1.4 | GR20: =_xlfn.XLOOKUP(GQ20,'2. Boletim de Medição'!B:B,'2. Boletim de Medição'!D:D) -> M.O. para colocação de baguetes | GT20: Apto | GU20: 1º | JD20: ='2. Boletim de Medição'!B22 -> 1.1.5 | JE20: =_xlfn.XLOOKUP(JD8,'2. Boletim de Medição'!B:B,'2. Boletim de Medição'!D:D) -> Rodapé Cerâmico | Porcelanato - Serviço M.O Subcontrato | JF20: Apto | JG20: 1º | JI20: 11.8 | JJ20: 8.2 | JK20: 8.2 | JL20: 8.2 | JM20: 11.8 | JN20: 11.8 | JO20: 8.2 | JP20: 8.2 | JQ20: 8.2 | JR20: 11.8 | LP20: 11º MEDIÇÃO | LR20: ='1. Controle de Contrato'!E34
A21: 1.1.1 | B21: =_xlfn.XLOOKUP(A21,'2. Boletim de Medição'!B:B,'2. Boletim de Medição'!D:D) -> Mao de Obra Colocacao de Azulejo | D21: =_xlfn.XLOOKUP(A21,'2. Boletim de Medição'!B:B,'2. Boletim de Medição'!E:E) -> M² | E21: Tº | G21: 7.29 | H21: 7.29 | I21: 7.29 | J21: 7.29 | K21: 7.29 | L21: 7.29 | M21: 7.29 | N21: 7.29 | O21: 7.29 | P21: 7.29 | BQ21: ='2. Boletim de Medição'!B19 -> 1.1.2 | BR21: =_xlfn.XLOOKUP(BQ21,'2. Boletim de Medição'!B:B,'2. Boletim de Medição'!D:D) -> Mao de Obra Colocacao Piso Ceramico | BT21: Apto | BU21: Tº | BV21: 7.05 | BW21: 5.07 | BX21: 5.07 | BY21: 5.07 | BZ21: 7.05 | CA21: 7.05 | CB21: 5.07 | CC21: 5.07 | CD21: 5.07 | CE21: 7.05 | ED21: 1.1.3 | EE21: =_xlfn.XLOOKUP(ED21,'2. Boletim de Medição'!B:B,'2. Boletim de Medição'!D:D) -> M.O para colocação de soleiras | EG21: Apto | EH21: Tº | GQ21: 1.1.4 | GR21: =_xlfn.XLOOKUP(GQ21,'2. Boletim de Medição'!B:B,'2. Boletim de Medição'!D:D) -> M.O. para colocação de baguetes | GT21: Apto | GU21: Tº | JD21: ='2. Boletim de Medição'!B22 -> 1.1.5 | JE21: =_xlfn.XLOOKUP(JD8,'2. Boletim de Medição'!B:B,'2. Boletim de Medição'!D:D) -> Rodapé Cerâmico | Porcelanato - Serviço M.O Subcontrato | JG21: Tº | JI21: 11.8 | JJ21: 8.2 | JK21: 8.2 | JL21: 8.2 | JM21: 11.8 | JN21: 11.8 | JO21: 8.2 | JP21: 8.2 | JQ21: 8.2 | JR21: 11.8
G22: F0 | H22: F1 | I22: F2 | J22: F3 | K22: F4 | L22: F5 | M22: F6 | N22: F7 | O22: F8 | P22: F9 | R22: F0 | S22: F1 | T22: F2 | U22: F3 | V22: F4 | W22: F5 | X22: F6 | Y22: F7 | Z22: F8 | AA22: F9 | AC22: F0 | AD22: F1 | AE22: F2 | AF22: F3 | AG22: F4 | AH22: F5 | AI22: F4 | AJ22: F5 | AK22: F6 | AL22: F7 | AM22: F8 | AN22: F9 | AP22: F0 | AQ22: F1 | AR22: F2 | AS22: F3 | AT22: F4 | AU22: F5 | AV22: F4 | AW22: F5 | AX22: F6 | AY22: F7 | AZ22: F8 | BA22: F9 | BC22: F0 | BD22: F1 | BE22: F2 | BF22: F3 | BG22: F4 | BH22: F5 | BI22: F4 | BJ22: F5 | BK22: F6 | BL22: F7 | BM22: F8 | BN22: F9 | BV22: F0 | BW22: F1 | BX22: F2 | BY22: F3 | BZ22: F4 | CA22: F5 | CB22: F6 | CC22: F7 | CD22: F8 | CE22: F9 | CG22: F0 | CH22: F1 | CI22: F2 | CJ22: F3 | CK22: F4 | CL22: F5 | CM22: F6 | CN22: F7 | CO22: F8 | CP22: F9 | CR22: F0 | CS22: F1 | CT22: F2 | CU22: F3 | CV22: F4 | CW22: F5 | CX22: F6 | CY22: F7 | CZ22: F8 | DA22: F9 | DC22: F0 | DD22: F1 | DE22: F2 | DF22: F3 | DG22: F4 | DH22: F5 | DI22: F4 | DJ22: F5 | DK22: F6 | DL22: F7 | DM22: F8 | DN22: F9 | DP22: F0 | DQ22: F1 | DR22: F2 | DS22: F3 | DT22: F4 | DU22: F5 | DV22: F4 | DW22: F5 | DX22: F6 | DY22: F7 | DZ22: F8 | EA22: F9 | EJ22: F0 | EK22: F1 | EL22: F2 | EM22: F3 | EN22: F4 | EO22: F5 | EP22: F6 | EQ22: F7 | ER22: F8 | ES22: F9 | EU22: F0 | EV22: F1 | EW22: F2 | EX22: F3 | EY22: F4 | EZ22: F5 | FA22: F6 | FB22: F7 | FC22: F8 | FD22: F9 | FF22: F0 | FG22: F1 | FH22: F2 | FI22: F3 | FJ22: F4 | FK22: F5 | FL22: F6 | FM22: F7 | FN22: F8 | FO22: F9 | FQ22: F0 | FR22: F1 | FS22: F2 | FT22: F3 | FU22: F4 | FV22: F5 | FW22: F4 | FX22: F5 | FY22: F6 | FZ22: F7 | GA22: F8 | GB22: F9 | GD22: F0 | GE22: F1 | GF22: F2 | GG22: F3 | GH22: F4 | GI22: F5 | GJ22: F4 | GK22: F5 | GL22: F6 | GM22: F7 | GN22: F8 | GO22: F9 | GW22: F0 | GX22: F1 | GY22: F2 | GZ22: F3 | HA22: F4 | HB22: F5 | HC22: F6 | HD22: F7 | HE22: F8 | HF22: F9 | HH22: F0 | HI22: F1 | HJ22: F2 | HK22: F3 | HL22: F4 | HM22: F5 | HN22: F6 | HO22: F7 | HP22: F8 | HQ22: F9 | HS22: F0 | HT22: F1 | HU22: F2 | HV22: F3 | HW22: F4 | HX22: F5 | HY22: F6 | HZ22: F7 | IA22: F8 | IB22: F9 | ID22: F0 | IE22: F1 | IF22: F2 | IG22: F3 | IH22: F4 | II22: F5 | IJ22: F4 | IK22: F5 | IL22: F6 | IM22: F7 | IN22: F8 | IO22: F9 | IQ22: F0 | IR22: F1 | IS22: F2 | IT22: F3 | IU22: F4 | IV22: F5 | IW22: F4 | IX22: F5 | IY22: F6 | IZ22: F7 | JA22: F8 | JB22: F9 | JI22: F0 | JJ22: F1 | JK22: F2 | JL22: F3 | JM22: F4 | JN22: F5 | JO22: F6 | JP22: F7 | JQ22: F8 | JR22: F9 | JT22: F0 | JU22: F1 | JV22: F2 | JW22: F3 | JX22: F4 | JY22: F5 | JZ22: F6 | KA22: F7 | KB22: F8 | KC22: F9 | KE22: F0 | KF22: F1 | KG22: F2 | KH22: F3 | KI22: F4 | KJ22: F5 | KK22: F6 | KL22: F7 | KM22: F8 | KN22: F9 | KP22: F0 | KQ22: F1 | KR22: F2 | KS22: F3 | KT22: F4 | KU22: F5 | KV22: F4 | KW22: F5 | KX22: F6 | KY22: F7 | KZ22: F8 | LA22: F9 | LC22: F0 | LD22: F1 | LE22: F2 | LF22: F3 | LG22: F4 | LH22: F5 | LI22: F4 | LJ22: F5 | LK22: F6 | LL22: F7 | LM22: F8 | LN22: F9

Sheet 05. Conferencia porta T1
C1: CONFERENCIA DE PINTURA
B4: OBRA: | F4: TORRE: | J4: CONFERENTE:
A6: DATA | B6: PAV | C6: FINAL 1 | D6: FINAL 2 | E6: FINAL 3 | F6: FINAL 4 | G6: FINAL 5 | H6: FINAL 6 | I6: FINAL 7 | J6: FINAL 8 | K6: OBSERVAÇÃO | L6: DATA RECONFERÊNCIA | M6: STATUS
B7: BARR
B8: COB
B9: 12º
B10: 11º
B11: 10º
B12: 9º
B13: 8º
B14: 7º
B15: 6º
B16: 5º
B17: 4º
B18: 3º
... B24: OK
B25: REPROVADO | F25: DATA: | J25: ASS. ENG.:

Sheet 05. Conferencia porta T2
C1: CONFERENCIA DE PINTURA
B4: OBRA: | F4: TORRE: | J4: CONFERENTE:
A6: DATA | B6: PAV | C6: FINAL 1 | D6: FINAL 2 | E6: FINAL 3 | F6: FINAL 4 | G6: FINAL 5 | H6: FINAL 6 | I6: FINAL 7 | J6: FINAL 8 | K6: OBSERVAÇÃO | L6: DATA RECONFERÊNCIA | M6: STATUS
B7: BARR
B8: COB
B9: 12º
B10: 11º
B11: 10º
B12: 9º
B13: 8º
B14: 7º
B15: 6º
B16: 5º
B17: 4º
B18: 3º
... B24: OK
B25: REPROVADO | F25: DATA: | J25: ASS. ENG.:
